-- phpMyAdmin SQL Dump
-- version 4.9.1deb2
-- https://www.phpmyadmin.net/
--
-- Host: localhost:3306
-- Generation Time: Jul 22, 2020 at 06:52 PM
-- Server version: 8.0.19-0ubuntu0.19.10.3
-- PHP Version: 7.4.2

SET SQL_MODE = "NO_AUTO_VALUE_ON_ZERO";
SET AUTOCOMMIT = 0;
START TRANSACTION;
SET time_zone = "+00:00";


/*!40101 SET @OLD_CHARACTER_SET_CLIENT=@@CHARACTER_SET_CLIENT */;
/*!40101 SET @OLD_CHARACTER_SET_RESULTS=@@CHARACTER_SET_RESULTS */;
/*!40101 SET @OLD_COLLATION_CONNECTION=@@COLLATION_CONNECTION */;
/*!40101 SET NAMES utf8mb4 */;

--
-- Database: `subsched`
--
CREATE DATABASE IF NOT EXISTS `subsched` DEFAULT CHARACTER SET utf8mb4 COLLATE utf8mb4_0900_ai_ci;
USE `subsched`;

-- --------------------------------------------------------

--
-- Table structure for table `absence`
--

CREATE TABLE `absence` (
  `id` int NOT NULL,
  `from` date NOT NULL,
  `to` date NOT NULL,
  `teacher_id` int NOT NULL
) ENGINE=InnoDB DEFAULT CHARSET=utf8 COLLATE=utf8_czech_ci;

--
-- Dumping data for table `absence`
--

INSERT INTO `absence` (`id`, `from`, `to`, `teacher_id`) VALUES
(89, '2020-02-12', '2020-02-12', 4),
(93, '2020-02-14', '2020-02-21', 9),
(96, '2020-03-04', '2020-04-02', 22),
(97, '2020-07-14', '2020-08-13', 25);

-- --------------------------------------------------------

--
-- Table structure for table `grade`
--

CREATE TABLE `grade` (
  `id` int NOT NULL,
  `name` varchar(10) CHARACTER SET utf8 COLLATE utf8_czech_ci NOT NULL
) ENGINE=InnoDB DEFAULT CHARSET=utf8 COLLATE=utf8_czech_ci;

--
-- Dumping data for table `grade`
--

INSERT INTO `grade` (`id`, `name`) VALUES
(1, '1EA'),
(2, '1EB'),
(3, '1ITA'),
(4, '1ITB'),
(5, '1S'),
(6, '2EA'),
(7, '2EB'),
(8, '2ITA'),
(9, '2ITB'),
(10, '2S'),
(11, '3EA'),
(12, '3EB'),
(13, '3ITA'),
(14, '3ITB'),
(15, '3S'),
(16, '4EA'),
(17, '4EB'),
(18, '4ITA'),
(19, '4ITB'),
(20, '4SA'),
(21, '4SB'),
(22, '4T');

-- --------------------------------------------------------

--
-- Table structure for table `lesson`
--

CREATE TABLE `lesson` (
  `id` int NOT NULL,
  `day` int NOT NULL,
  `hour` int NOT NULL,
  `week` tinyint(1) NOT NULL,
  `room_id` int NOT NULL,
  `subject_id` int NOT NULL,
  `grade_id` int NOT NULL,
  `teacher_id` int NOT NULL,
  `group` varchar(5) CHARACTER SET utf8 COLLATE utf8_czech_ci DEFAULT NULL
) ENGINE=InnoDB DEFAULT CHARSET=utf8 COLLATE=utf8_czech_ci;

--
-- Dumping data for table `lesson`
--

INSERT INTO `lesson` (`id`, `day`, `hour`, `week`, `room_id`, `subject_id`, `grade_id`, `teacher_id`, `group`) VALUES
(1, 0, 1, 0, 1, 1, 1, 1, 'celá'),
(2, 0, 2, 0, 2, 2, 1, 2, 's1'),
(3, 0, 2, 0, 3, 3, 1, 3, 's2'),
(4, 0, 3, 0, 2, 2, 1, 2, 's1'),
(5, 0, 3, 0, 4, 4, 1, 4, 's2'),
(6, 0, 4, 0, 3, 3, 1, 3, 's1'),
(7, 0, 4, 0, 4, 4, 1, 4, 's2'),
(8, 0, 5, 0, 5, 5, 1, 5, 'celá'),
(9, 0, 6, 0, 6, 6, 1, 6, 'celá'),
(10, 0, 8, 0, 7, 7, 1, 7, 'celá'),
(11, 0, 9, 0, 8, 8, 1, 8, 'celá'),
(12, 1, 1, 0, 9, 9, 1, 5, 's1'),
(13, 1, 1, 0, 10, 10, 1, 9, 's2'),
(14, 1, 2, 0, 9, 9, 1, 5, 's1'),
(15, 1, 2, 0, 10, 10, 1, 9, 's2'),
(16, 1, 3, 0, 11, 11, 1, 10, 'celá'),
(17, 1, 5, 0, 12, 4, 1, 4, 's1'),
(18, 1, 5, 0, 9, 9, 1, 5, 's2'),
(19, 1, 6, 0, 10, 10, 1, 9, 's1'),
(20, 1, 6, 0, 9, 9, 1, 5, 's2'),
(21, 1, 7, 0, 10, 10, 1, 9, 's1'),
(22, 1, 7, 0, 13, 4, 1, 4, 's2'),
(23, 1, 8, 0, 14, 5, 1, 5, 'celá'),
(24, 2, 1, 0, 11, 8, 1, 8, 'celá'),
(25, 2, 2, 0, 11, 11, 1, 10, 'celá'),
(26, 2, 3, 0, 6, 6, 1, 6, 'celá'),
(27, 2, 4, 0, 6, 6, 1, 6, 'celá'),
(28, 2, 5, 0, 11, 2, 1, 2, 'celá'),
(29, 2, 6, 0, 7, 7, 1, 7, 'celá'),
(30, 3, 1, 0, 2, 2, 1, 2, 's1'),
(31, 3, 1, 0, 3, 3, 1, 3, 's2'),
(32, 3, 2, 0, 2, 2, 1, 2, 's1'),
(33, 3, 2, 0, 3, 4, 1, 4, 's2'),
(34, 3, 3, 0, 15, 12, 1, 11, 'celá'),
(35, 3, 4, 0, 15, 12, 1, 11, 'celá'),
(36, 3, 5, 0, 13, 4, 1, 4, 's1'),
(37, 3, 5, 0, 16, 9, 1, 5, 's2'),
(38, 3, 6, 0, 3, 3, 1, 3, 's1'),
(39, 3, 6, 0, 16, 9, 1, 5, 's2'),
(40, 3, 8, 0, 7, 7, 1, 7, 'celá'),
(41, 4, 1, 0, 7, 7, 1, 7, 'celá'),
(42, 4, 2, 0, 11, 13, 1, 12, 'celá'),
(43, 4, 3, 0, 11, 13, 1, 12, 'celá'),
(44, 4, 4, 0, 6, 6, 1, 6, 'celá'),
(45, 4, 5, 0, 1, 1, 1, 1, 'celá'),
(46, 4, 6, 0, 1, 1, 1, 1, 'celá'),
(47, 0, 1, 1, 1, 1, 1, 1, 'celá'),
(48, 0, 2, 1, 3, 3, 1, 3, 's1'),
(49, 0, 2, 1, 2, 2, 1, 2, 's2'),
(50, 0, 3, 1, 4, 4, 1, 4, 's1'),
(51, 0, 3, 1, 2, 2, 1, 2, 's2'),
(52, 0, 4, 1, 4, 4, 1, 4, 's1'),
(53, 0, 4, 1, 3, 3, 1, 3, 's2'),
(54, 0, 5, 1, 5, 5, 1, 5, 'celá'),
(55, 0, 6, 1, 6, 6, 1, 6, 'celá'),
(56, 0, 8, 1, 7, 7, 1, 7, 'celá'),
(57, 0, 9, 1, 8, 8, 1, 8, 'celá'),
(58, 1, 1, 1, 9, 9, 1, 5, 's1'),
(59, 1, 1, 1, 10, 10, 1, 9, 's2'),
(60, 1, 2, 1, 9, 9, 1, 5, 's1'),
(61, 1, 2, 1, 10, 10, 1, 9, 's2'),
(62, 1, 3, 1, 11, 11, 1, 10, 'celá'),
(63, 1, 5, 1, 12, 4, 1, 4, 's1'),
(64, 1, 5, 1, 9, 9, 1, 5, 's2'),
(65, 1, 6, 1, 10, 10, 1, 9, 's1'),
(66, 1, 6, 1, 9, 9, 1, 5, 's2'),
(67, 1, 7, 1, 10, 10, 1, 9, 's1'),
(68, 1, 7, 1, 13, 4, 1, 4, 's2'),
(69, 1, 8, 1, 14, 5, 1, 5, 'celá'),
(70, 2, 1, 1, 11, 8, 1, 8, 'celá'),
(71, 2, 2, 1, 11, 11, 1, 10, 'celá'),
(72, 2, 3, 1, 6, 6, 1, 6, 'celá'),
(73, 2, 4, 1, 6, 6, 1, 6, 'celá'),
(74, 2, 5, 1, 11, 2, 1, 2, 'celá'),
(75, 2, 6, 1, 7, 7, 1, 7, 'celá'),
(76, 3, 1, 1, 3, 3, 1, 3, 's1'),
(77, 3, 1, 1, 2, 2, 1, 2, 's2'),
(78, 3, 2, 1, 3, 4, 1, 4, 's1'),
(79, 3, 2, 1, 2, 2, 1, 2, 's2'),
(80, 3, 3, 1, 15, 12, 1, 11, 'celá'),
(81, 3, 4, 1, 15, 12, 1, 11, 'celá'),
(82, 3, 5, 1, 16, 9, 1, 5, 's1'),
(83, 3, 5, 1, 13, 4, 1, 4, 's2'),
(84, 3, 6, 1, 16, 9, 1, 5, 's1'),
(85, 3, 6, 1, 3, 3, 1, 3, 's2'),
(86, 3, 8, 1, 7, 7, 1, 7, 'celá'),
(87, 4, 1, 1, 7, 7, 1, 7, 'celá'),
(88, 4, 2, 1, 11, 13, 1, 12, 'celá'),
(89, 4, 3, 1, 11, 13, 1, 12, 'celá'),
(90, 4, 4, 1, 6, 6, 1, 6, 'celá'),
(91, 4, 5, 1, 1, 1, 1, 1, 'celá'),
(92, 4, 6, 1, 1, 1, 1, 1, 'celá'),
(93, 0, 1, 0, 10, 10, 2, 9, 's1'),
(94, 0, 1, 0, 17, 9, 2, 5, 's2'),
(95, 0, 2, 0, 10, 10, 2, 9, 's1'),
(96, 0, 2, 0, 17, 9, 2, 5, 's2'),
(97, 0, 3, 0, 15, 12, 2, 11, 'celá'),
(98, 0, 4, 0, 15, 12, 2, 11, 'celá'),
(99, 0, 6, 0, 1, 1, 2, 1, 'celá'),
(100, 0, 7, 0, 1, 1, 2, 1, 'celá'),
(101, 0, 8, 0, 18, 5, 2, 13, 'celá'),
(102, 1, 1, 0, 19, 11, 2, 10, 'celá'),
(103, 1, 2, 0, 11, 13, 2, 12, 'celá'),
(104, 1, 3, 0, 18, 7, 2, 14, 'celá'),
(105, 1, 4, 0, 18, 6, 2, 13, 'celá'),
(106, 1, 6, 0, 2, 2, 2, 2, 's1'),
(107, 1, 6, 0, 3, 3, 2, 3, 's2'),
(108, 1, 7, 0, 2, 2, 2, 2, 's1'),
(109, 1, 7, 0, 20, 4, 2, 15, 's2'),
(110, 1, 8, 0, 8, 8, 2, 8, 'celá'),
(111, 2, 1, 0, 14, 6, 2, 13, 'celá'),
(112, 2, 2, 0, 14, 6, 2, 13, 'celá'),
(113, 2, 3, 0, 11, 11, 2, 10, 'celá'),
(114, 2, 4, 0, 11, 8, 2, 8, 'celá'),
(115, 2, 6, 0, 21, 9, 2, 5, 's1'),
(116, 2, 6, 0, 20, 4, 2, 15, 's2'),
(117, 2, 7, 0, 21, 9, 2, 5, 's1'),
(118, 2, 7, 0, 3, 3, 2, 3, 's2'),
(119, 3, 1, 0, 22, 9, 2, 5, 's1'),
(120, 3, 1, 0, 10, 10, 2, 9, 's2'),
(121, 3, 2, 0, 22, 9, 2, 5, 's1'),
(122, 3, 2, 0, 10, 10, 2, 9, 's2'),
(123, 3, 3, 0, 20, 4, 2, 16, 's1'),
(124, 3, 3, 0, 3, 3, 2, 3, 's2'),
(125, 3, 4, 0, 23, 13, 2, 12, 'celá'),
(126, 3, 5, 0, 18, 7, 2, 14, 'celá'),
(127, 3, 6, 0, 14, 6, 2, 13, 'celá'),
(128, 3, 8, 0, 11, 2, 2, 2, 'celá'),
(129, 3, 9, 0, 14, 5, 2, 13, 'celá'),
(130, 4, 1, 0, 18, 7, 2, 14, 'celá'),
(131, 4, 2, 0, 18, 7, 2, 14, 'celá'),
(132, 4, 3, 0, 1, 1, 2, 1, 'celá'),
(133, 4, 4, 0, 3, 4, 2, 16, 's1'),
(134, 4, 4, 0, 20, 4, 2, 15, 's2'),
(135, 4, 5, 0, 3, 4, 2, 16, 's1'),
(136, 4, 5, 0, 2, 2, 2, 2, 's2'),
(137, 4, 6, 0, 3, 3, 2, 3, 's1'),
(138, 4, 6, 0, 2, 2, 2, 2, 's2'),
(139, 0, 1, 1, 10, 10, 2, 9, 's1'),
(140, 0, 1, 1, 17, 9, 2, 5, 's2'),
(141, 0, 2, 1, 10, 10, 2, 9, 's1'),
(142, 0, 2, 1, 17, 9, 2, 5, 's2'),
(143, 0, 3, 1, 15, 12, 2, 11, 'celá'),
(144, 0, 4, 1, 15, 12, 2, 11, 'celá'),
(145, 0, 6, 1, 1, 1, 2, 1, 'celá'),
(146, 0, 7, 1, 1, 1, 2, 1, 'celá'),
(147, 0, 8, 1, 18, 5, 2, 13, 'celá'),
(148, 1, 1, 1, 19, 11, 2, 10, 'celá'),
(149, 1, 2, 1, 11, 13, 2, 12, 'celá'),
(150, 1, 3, 1, 18, 7, 2, 14, 'celá'),
(151, 1, 4, 1, 18, 6, 2, 13, 'celá'),
(152, 1, 6, 1, 2, 2, 2, 2, 's1'),
(153, 1, 6, 1, 3, 3, 2, 3, 's2'),
(154, 1, 7, 1, 2, 2, 2, 2, 's1'),
(155, 1, 7, 1, 20, 4, 2, 15, 's2'),
(156, 1, 8, 1, 8, 8, 2, 8, 'celá'),
(157, 2, 1, 1, 14, 6, 2, 13, 'celá'),
(158, 2, 2, 1, 14, 6, 2, 13, 'celá'),
(159, 2, 3, 1, 11, 11, 2, 10, 'celá'),
(160, 2, 4, 1, 11, 8, 2, 8, 'celá'),
(161, 2, 6, 1, 20, 4, 2, 16, 's1'),
(162, 2, 6, 1, 21, 9, 2, 5, 's2'),
(163, 2, 7, 1, 3, 3, 2, 3, 's1'),
(164, 2, 7, 1, 21, 9, 2, 5, 's2'),
(165, 3, 1, 1, 22, 9, 2, 5, 's1'),
(166, 3, 1, 1, 10, 10, 2, 9, 's2'),
(167, 3, 2, 1, 22, 9, 2, 5, 's1'),
(168, 3, 2, 1, 10, 10, 2, 9, 's2'),
(169, 3, 3, 1, 3, 3, 2, 3, 's1'),
(170, 3, 3, 1, 20, 4, 2, 15, 's2'),
(171, 3, 4, 1, 23, 13, 2, 12, 'celá'),
(172, 3, 5, 1, 18, 7, 2, 14, 'celá'),
(173, 3, 6, 1, 14, 6, 2, 13, 'celá'),
(174, 3, 8, 1, 11, 2, 2, 2, 'celá'),
(175, 3, 9, 1, 14, 5, 2, 13, 'celá'),
(176, 4, 1, 1, 18, 7, 2, 14, 'celá'),
(177, 4, 2, 1, 18, 7, 2, 14, 'celá'),
(178, 4, 3, 1, 1, 1, 2, 1, 'celá'),
(179, 4, 4, 1, 3, 4, 2, 16, 's1'),
(180, 4, 4, 1, 20, 4, 2, 15, 's2'),
(181, 4, 5, 1, 3, 4, 2, 16, 's1'),
(182, 4, 5, 1, 2, 2, 2, 2, 's2'),
(183, 4, 6, 1, 3, 3, 2, 3, 's1'),
(184, 4, 6, 1, 2, 2, 2, 2, 's2'),
(185, 0, 1, 0, 5, 7, 3, 17, 'celá'),
(186, 0, 2, 0, 24, 14, 3, 18, 'celá'),
(187, 0, 3, 0, 11, 8, 3, 8, 'celá'),
(188, 0, 4, 0, 11, 11, 3, 10, 'celá'),
(189, 0, 5, 0, 24, 15, 3, 19, 'celá'),
(190, 0, 6, 0, 13, 4, 3, 4, 's1'),
(191, 0, 7, 0, 13, 4, 3, 4, 's2'),
(192, 0, 8, 0, 16, 16, 3, 20, 's1'),
(193, 0, 8, 0, 17, 15, 3, 5, 's2'),
(194, 0, 9, 0, 16, 16, 3, 20, 's1'),
(195, 0, 9, 0, 17, 15, 3, 5, 's2'),
(196, 1, 1, 0, 5, 7, 3, 17, 'celá'),
(197, 1, 2, 0, 14, 6, 3, 21, 'celá'),
(198, 1, 3, 0, 12, 3, 3, 22, 's1'),
(199, 1, 3, 0, 13, 4, 3, 4, 's2'),
(200, 1, 5, 0, 21, 17, 3, 18, 's1'),
(201, 1, 5, 0, 25, 16, 3, 23, 's2'),
(202, 1, 6, 0, 21, 17, 3, 18, 's1'),
(203, 1, 6, 0, 25, 16, 3, 23, 's2'),
(204, 1, 7, 0, 11, 11, 3, 10, 'celá'),
(205, 1, 8, 0, 26, 4, 3, 4, 's1'),
(206, 1, 8, 0, 12, 3, 3, 22, 's2'),
(207, 1, 9, 0, 8, 8, 3, 8, 'celá'),
(208, 2, 1, 0, 24, 14, 3, 18, 'celá'),
(209, 2, 2, 0, 27, 18, 3, 19, 's1'),
(210, 2, 2, 0, 22, 15, 3, 5, 's2'),
(211, 2, 3, 0, 27, 18, 3, 19, 's1'),
(212, 2, 3, 0, 22, 15, 3, 5, 's2'),
(213, 2, 4, 0, 14, 6, 3, 21, 'celá'),
(214, 2, 5, 0, 13, 5, 3, 24, 'celá'),
(215, 2, 6, 0, 5, 7, 3, 17, 'celá'),
(216, 3, 1, 0, 12, 4, 3, 4, 's1'),
(217, 3, 1, 0, 28, 3, 3, 22, 's2'),
(218, 3, 2, 0, 9, 17, 3, 18, 's1'),
(219, 3, 2, 0, 27, 18, 3, 19, 's2'),
(220, 3, 3, 0, 21, 17, 3, 18, 's1'),
(221, 3, 3, 0, 27, 18, 3, 19, 's2'),
(222, 3, 4, 0, 14, 6, 3, 21, 'celá'),
(223, 3, 5, 0, 14, 5, 3, 24, 'celá'),
(224, 3, 6, 0, 28, 3, 3, 22, 's1'),
(225, 3, 6, 0, 26, 4, 3, 4, 's2'),
(226, 4, 1, 0, 9, 15, 3, 5, 's1'),
(227, 4, 1, 0, 16, 17, 3, 18, 's2'),
(228, 4, 2, 0, 9, 15, 3, 5, 's1'),
(229, 4, 2, 0, 16, 17, 3, 18, 's2'),
(230, 4, 3, 0, 5, 7, 3, 17, 'celá'),
(231, 4, 4, 0, 14, 6, 3, 21, 'celá'),
(232, 4, 5, 0, 15, 12, 3, 11, 'celá'),
(233, 4, 6, 0, 15, 12, 3, 11, 'celá'),
(234, 0, 1, 1, 5, 7, 3, 17, 'celá'),
(235, 0, 2, 1, 24, 14, 3, 18, 'celá'),
(236, 0, 3, 1, 11, 8, 3, 8, 'celá'),
(237, 0, 4, 1, 11, 11, 3, 10, 'celá'),
(238, 0, 5, 1, 24, 15, 3, 19, 'celá'),
(239, 0, 6, 1, 13, 4, 3, 4, 's1'),
(240, 0, 7, 1, 13, 4, 3, 4, 's2'),
(241, 0, 8, 1, 17, 15, 3, 5, 's1'),
(242, 0, 8, 1, 16, 16, 3, 20, 's2'),
(243, 0, 9, 1, 17, 15, 3, 5, 's1'),
(244, 0, 9, 1, 16, 16, 3, 20, 's2'),
(245, 1, 1, 1, 5, 7, 3, 17, 'celá'),
(246, 1, 2, 1, 14, 6, 3, 21, 'celá'),
(247, 1, 3, 1, 12, 3, 3, 22, 's1'),
(248, 1, 3, 1, 13, 4, 3, 4, 's2'),
(249, 1, 5, 1, 25, 16, 3, 23, 's1'),
(250, 1, 5, 1, 21, 17, 3, 18, 's2'),
(251, 1, 6, 1, 25, 16, 3, 23, 's1'),
(252, 1, 6, 1, 21, 17, 3, 18, 's2'),
(253, 1, 7, 1, 11, 11, 3, 10, 'celá'),
(254, 1, 8, 1, 26, 4, 3, 4, 's1'),
(255, 1, 8, 1, 12, 3, 3, 22, 's2'),
(256, 1, 9, 1, 8, 8, 3, 8, 'celá'),
(257, 2, 1, 1, 24, 14, 3, 18, 'celá'),
(258, 2, 2, 1, 22, 15, 3, 5, 's1'),
(259, 2, 2, 1, 27, 18, 3, 19, 's2'),
(260, 2, 3, 1, 22, 15, 3, 5, 's1'),
(261, 2, 3, 1, 27, 18, 3, 19, 's2'),
(262, 2, 4, 1, 14, 6, 3, 21, 'celá'),
(263, 2, 5, 1, 13, 5, 3, 24, 'celá'),
(264, 2, 6, 1, 5, 7, 3, 17, 'celá'),
(265, 3, 1, 1, 12, 4, 3, 4, 's1'),
(266, 3, 1, 1, 28, 3, 3, 22, 's2'),
(267, 3, 2, 1, 27, 18, 3, 19, 's1'),
(268, 3, 2, 1, 9, 17, 3, 18, 's2'),
(269, 3, 3, 1, 27, 18, 3, 19, 's1'),
(270, 3, 3, 1, 9, 17, 3, 18, 's2'),
(271, 3, 4, 1, 14, 6, 3, 21, 'celá'),
(272, 3, 5, 1, 14, 5, 3, 24, 'celá'),
(273, 3, 6, 1, 28, 3, 3, 22, 's1'),
(274, 3, 6, 1, 26, 4, 3, 4, 's2'),
(275, 4, 1, 1, 16, 17, 3, 18, 's1'),
(276, 4, 1, 1, 9, 15, 3, 5, 's2'),
(277, 4, 2, 1, 16, 17, 3, 18, 's1'),
(278, 4, 2, 1, 9, 15, 3, 5, 's2'),
(279, 4, 3, 1, 5, 7, 3, 17, 'celá'),
(280, 4, 4, 1, 14, 6, 3, 21, 'celá'),
(281, 4, 5, 1, 15, 12, 3, 11, 'celá'),
(282, 4, 6, 1, 15, 12, 3, 11, 'celá'),
(283, 0, 1, 0, 6, 6, 4, 6, 'celá'),
(284, 0, 2, 0, 9, 15, 4, 19, 's1'),
(285, 0, 2, 0, 27, 18, 4, 20, 's2'),
(286, 0, 3, 0, 9, 15, 4, 19, 's1'),
(287, 0, 3, 0, 27, 18, 4, 20, 's2'),
(288, 0, 4, 0, 8, 7, 4, 25, 'celá'),
(289, 0, 6, 0, 24, 14, 4, 18, 'celá'),
(290, 0, 7, 0, 26, 4, 4, 26, 's1'),
(291, 0, 7, 0, 12, 3, 4, 27, 's2'),
(292, 1, 1, 0, 29, 8, 4, 8, 'celá'),
(293, 1, 2, 0, 6, 5, 4, 13, 'celá'),
(294, 1, 3, 0, 6, 6, 4, 6, 'celá'),
(295, 1, 4, 0, 6, 6, 4, 6, 'celá'),
(296, 1, 6, 0, 15, 12, 4, 25, 'celá'),
(297, 1, 7, 0, 15, 12, 4, 25, 'celá'),
(298, 1, 8, 0, 29, 15, 4, 19, 'celá'),
(299, 2, 1, 0, 8, 7, 4, 25, 'celá'),
(300, 2, 2, 0, 8, 8, 4, 8, 'celá'),
(301, 2, 3, 0, 25, 16, 4, 23, 's1'),
(302, 2, 3, 0, 16, 17, 4, 18, 's2'),
(303, 2, 4, 0, 25, 16, 4, 23, 's1'),
(304, 2, 4, 0, 16, 17, 4, 18, 's2'),
(305, 2, 6, 0, 16, 16, 4, 20, 's1'),
(306, 2, 6, 0, 9, 15, 4, 19, 's2'),
(307, 2, 7, 0, 16, 16, 4, 20, 's1'),
(308, 2, 7, 0, 9, 15, 4, 19, 's2'),
(309, 2, 8, 0, 3, 3, 4, 28, 's1'),
(310, 2, 8, 0, 26, 4, 4, 16, 's2'),
(311, 3, 1, 0, 26, 4, 4, 26, 's1'),
(312, 3, 1, 0, 4, 3, 4, 27, 's2'),
(313, 3, 2, 0, 11, 11, 4, 10, 'celá'),
(314, 3, 3, 0, 8, 7, 4, 25, 'celá'),
(315, 3, 4, 0, 21, 17, 4, 18, 's1'),
(316, 3, 4, 0, 9, 15, 4, 19, 's2'),
(317, 3, 5, 0, 21, 17, 4, 18, 's1'),
(318, 3, 5, 0, 9, 15, 4, 19, 's2'),
(319, 3, 7, 0, 3, 3, 4, 28, 's1'),
(320, 3, 7, 0, 26, 4, 4, 16, 's2'),
(321, 3, 8, 0, 27, 18, 4, 20, 's1'),
(322, 3, 8, 0, 21, 17, 4, 18, 's2'),
(323, 3, 9, 0, 27, 18, 4, 20, 's1'),
(324, 3, 9, 0, 21, 17, 4, 18, 's2'),
(325, 4, 1, 0, 6, 6, 4, 6, 'celá'),
(326, 4, 2, 0, 26, 4, 4, 26, 's1'),
(327, 4, 2, 0, 20, 4, 4, 16, 's2'),
(328, 4, 3, 0, 24, 14, 4, 18, 'celá'),
(329, 4, 4, 0, 8, 7, 4, 25, 'celá'),
(330, 4, 5, 0, 8, 11, 4, 10, 'celá'),
(331, 4, 6, 0, 14, 5, 4, 13, 'celá'),
(332, 0, 1, 1, 6, 6, 4, 6, 'celá'),
(333, 0, 2, 1, 27, 18, 4, 20, 's1'),
(334, 0, 2, 1, 9, 15, 4, 19, 's2'),
(335, 0, 3, 1, 27, 18, 4, 20, 's1'),
(336, 0, 3, 1, 9, 15, 4, 19, 's2'),
(337, 0, 4, 1, 8, 7, 4, 25, 'celá'),
(338, 0, 6, 1, 24, 14, 4, 18, 'celá'),
(339, 0, 7, 1, 26, 4, 4, 26, 's1'),
(340, 0, 7, 1, 12, 3, 4, 27, 's2'),
(341, 1, 1, 1, 29, 8, 4, 8, 'celá'),
(342, 1, 2, 1, 6, 5, 4, 13, 'celá'),
(343, 1, 3, 1, 6, 6, 4, 6, 'celá'),
(344, 1, 4, 1, 6, 6, 4, 6, 'celá'),
(345, 1, 6, 1, 15, 12, 4, 25, 'celá'),
(346, 1, 7, 1, 15, 12, 4, 25, 'celá'),
(347, 1, 8, 1, 29, 15, 4, 19, 'celá'),
(348, 2, 1, 1, 8, 7, 4, 25, 'celá'),
(349, 2, 2, 1, 8, 8, 4, 8, 'celá'),
(350, 2, 3, 1, 21, 17, 4, 18, 's1'),
(351, 2, 3, 1, 25, 16, 4, 23, 's2'),
(352, 2, 4, 1, 21, 17, 4, 18, 's1'),
(353, 2, 4, 1, 25, 16, 4, 23, 's2'),
(354, 2, 6, 1, 9, 15, 4, 19, 's1'),
(355, 2, 6, 1, 16, 16, 4, 20, 's2'),
(356, 2, 7, 1, 9, 15, 4, 19, 's1'),
(357, 2, 7, 1, 16, 16, 4, 20, 's2'),
(358, 2, 8, 1, 3, 3, 4, 28, 's1'),
(359, 2, 8, 1, 26, 4, 4, 16, 's2'),
(360, 3, 1, 1, 26, 4, 4, 26, 's1'),
(361, 3, 1, 1, 4, 3, 4, 27, 's2'),
(362, 3, 2, 1, 11, 11, 4, 10, 'celá'),
(363, 3, 3, 1, 8, 7, 4, 25, 'celá'),
(364, 3, 4, 1, 9, 15, 4, 19, 's1'),
(365, 3, 4, 1, 21, 17, 4, 18, 's2'),
(366, 3, 5, 1, 9, 15, 4, 19, 's1'),
(367, 3, 5, 1, 21, 17, 4, 18, 's2'),
(368, 3, 7, 1, 3, 3, 4, 28, 's1'),
(369, 3, 7, 1, 26, 4, 4, 16, 's2'),
(370, 3, 8, 1, 21, 17, 4, 18, 's1'),
(371, 3, 8, 1, 27, 18, 4, 20, 's2'),
(372, 3, 9, 1, 21, 17, 4, 18, 's1'),
(373, 3, 9, 1, 27, 18, 4, 20, 's2'),
(374, 4, 1, 1, 6, 6, 4, 6, 'celá'),
(375, 4, 2, 1, 26, 4, 4, 26, 's1'),
(376, 4, 2, 1, 20, 4, 4, 16, 's2'),
(377, 4, 3, 1, 24, 14, 4, 18, 'celá'),
(378, 4, 4, 1, 8, 7, 4, 25, 'celá'),
(379, 4, 5, 1, 8, 11, 4, 10, 'celá'),
(380, 4, 6, 1, 14, 5, 4, 13, 'celá'),
(381, 0, 1, 0, 8, 11, 5, 10, 'celá'),
(382, 0, 2, 0, 5, 7, 5, 17, 'celá'),
(383, 0, 3, 0, 19, 19, 5, 29, 'celá'),
(384, 0, 4, 0, 19, 19, 5, 29, 'celá'),
(385, 0, 5, 0, 11, 2, 5, 9, 'celá'),
(386, 0, 6, 0, 11, 5, 5, 5, 'celá'),
(387, 0, 8, 0, 10, 10, 5, 9, 's1'),
(388, 0, 9, 0, 10, 10, 5, 9, 's1'),
(389, 1, 1, 0, 30, 19, 5, 29, 'celá'),
(390, 1, 2, 0, 28, 6, 5, 30, 'celá'),
(391, 1, 3, 0, 5, 7, 5, 17, 'celá'),
(392, 1, 4, 0, 15, 12, 5, 11, 'celá'),
(393, 1, 5, 0, 15, 12, 5, 11, 'celá'),
(394, 1, 6, 0, 8, 8, 5, 8, 'celá'),
(395, 2, 1, 0, 28, 6, 5, 30, 'celá'),
(396, 2, 2, 0, 28, 6, 5, 30, 'celá'),
(397, 2, 3, 0, 8, 7, 5, 17, 'celá'),
(398, 2, 4, 0, 4, 3, 5, 22, 's1'),
(399, 2, 4, 0, 2, 4, 5, 16, 's2'),
(400, 2, 5, 0, 29, 11, 5, 10, 'celá'),
(401, 2, 6, 0, 12, 3, 5, 22, 's2'),
(402, 2, 7, 0, 26, 4, 5, 16, 's1'),
(403, 2, 8, 0, 9, 9, 5, 31, 's1'),
(404, 2, 8, 0, 10, 10, 5, 9, 's2'),
(405, 2, 9, 0, 9, 9, 5, 31, 's1'),
(406, 2, 9, 0, 10, 10, 5, 9, 's2'),
(407, 3, 1, 0, 5, 7, 5, 17, 'celá'),
(408, 3, 2, 0, 5, 6, 5, 30, 'celá'),
(409, 3, 3, 0, 11, 8, 5, 8, 'celá'),
(410, 3, 4, 0, 11, 5, 5, 5, 'celá'),
(411, 3, 6, 0, 12, 4, 5, 16, 's1'),
(412, 3, 6, 0, 2, 20, 5, 32, 's2'),
(413, 3, 7, 0, 25, 9, 5, 31, 's1'),
(414, 3, 7, 0, 2, 20, 5, 32, 's2'),
(415, 3, 8, 0, 25, 9, 5, 31, 's1'),
(416, 3, 8, 0, 26, 4, 5, 16, 's2'),
(417, 4, 1, 0, 2, 4, 5, 16, 's1'),
(418, 4, 1, 0, 8, 2, 5, 9, 's2'),
(419, 4, 2, 0, 2, 20, 5, 32, 's1'),
(420, 4, 2, 0, 8, 2, 5, 9, 's2'),
(421, 4, 3, 0, 2, 20, 5, 32, 's1'),
(422, 4, 3, 0, 9, 9, 5, 5, 's2'),
(423, 4, 4, 0, 12, 3, 5, 22, 's1'),
(424, 4, 4, 0, 9, 9, 5, 5, 's2'),
(425, 4, 5, 0, 11, 2, 5, 9, 's1'),
(426, 4, 5, 0, 12, 3, 5, 22, 's2'),
(427, 4, 6, 0, 11, 2, 5, 9, 's1'),
(428, 4, 6, 0, 20, 4, 5, 16, 's2'),
(429, 0, 1, 1, 8, 11, 5, 10, 'celá'),
(430, 0, 2, 1, 5, 7, 5, 17, 'celá'),
(431, 0, 3, 1, 19, 19, 5, 29, 'celá'),
(432, 0, 4, 1, 19, 19, 5, 29, 'celá'),
(433, 0, 5, 1, 11, 2, 5, 9, 'celá'),
(434, 0, 6, 1, 11, 5, 5, 5, 'celá'),
(435, 0, 8, 1, 10, 10, 5, 9, 's2'),
(436, 0, 9, 1, 10, 10, 5, 9, 's2'),
(437, 1, 1, 1, 30, 19, 5, 29, 'celá'),
(438, 1, 2, 1, 28, 6, 5, 30, 'celá'),
(439, 1, 3, 1, 5, 7, 5, 17, 'celá'),
(440, 1, 4, 1, 15, 12, 5, 11, 'celá'),
(441, 1, 5, 1, 15, 12, 5, 11, 'celá'),
(442, 1, 6, 1, 8, 8, 5, 8, 'celá'),
(443, 2, 1, 1, 28, 6, 5, 30, 'celá'),
(444, 2, 2, 1, 28, 6, 5, 30, 'celá'),
(445, 2, 3, 1, 8, 7, 5, 17, 'celá'),
(446, 2, 4, 1, 4, 3, 5, 22, 's1'),
(447, 2, 4, 1, 2, 4, 5, 16, 's2'),
(448, 2, 5, 1, 29, 11, 5, 10, 'celá'),
(449, 2, 6, 1, 12, 3, 5, 22, 's2'),
(450, 2, 7, 1, 26, 4, 5, 16, 's1'),
(451, 2, 8, 1, 10, 10, 5, 9, 's1'),
(452, 2, 8, 1, 9, 9, 5, 5, 's2'),
(453, 2, 9, 1, 10, 10, 5, 9, 's1'),
(454, 2, 9, 1, 9, 9, 5, 5, 's2'),
(455, 3, 1, 1, 5, 7, 5, 17, 'celá'),
(456, 3, 2, 1, 5, 6, 5, 30, 'celá'),
(457, 3, 3, 1, 11, 8, 5, 8, 'celá'),
(458, 3, 4, 1, 11, 5, 5, 5, 'celá'),
(459, 3, 6, 1, 12, 4, 5, 16, 's1'),
(460, 3, 6, 1, 2, 20, 5, 32, 's2'),
(461, 3, 7, 1, 25, 9, 5, 31, 's1'),
(462, 3, 7, 1, 2, 20, 5, 32, 's2'),
(463, 3, 8, 1, 25, 9, 5, 31, 's1'),
(464, 3, 8, 1, 26, 4, 5, 16, 's2'),
(465, 4, 1, 1, 2, 4, 5, 16, 's1'),
(466, 4, 1, 1, 8, 2, 5, 9, 's2'),
(467, 4, 2, 1, 2, 20, 5, 32, 's1'),
(468, 4, 2, 1, 8, 2, 5, 9, 's2'),
(469, 4, 3, 1, 2, 20, 5, 32, 's1'),
(470, 4, 3, 1, 9, 9, 5, 5, 's2'),
(471, 4, 4, 1, 12, 3, 5, 22, 's1'),
(472, 4, 4, 1, 9, 9, 5, 5, 's2'),
(473, 4, 5, 1, 11, 2, 5, 9, 's1'),
(474, 4, 5, 1, 12, 3, 5, 22, 's2'),
(475, 4, 6, 1, 11, 2, 5, 9, 's1'),
(476, 4, 6, 1, 20, 4, 5, 16, 's2'),
(477, 0, 1, 0, 7, 7, 6, 7, 'celá'),
(478, 0, 2, 0, 1, 1, 6, 1, 'celá'),
(479, 0, 3, 0, 31, 21, 6, 33, 'L1'),
(480, 0, 3, 0, 32, 21, 6, 34, 'L2'),
(481, 0, 3, 0, 33, 22, 6, 12, 'L3'),
(482, 0, 4, 0, 32, 21, 6, 34, 'L1'),
(483, 0, 4, 0, 33, 22, 6, 12, 'L2'),
(484, 0, 4, 0, 31, 21, 6, 33, 'L3'),
(485, 0, 5, 0, 33, 22, 6, 12, 'L1'),
(486, 0, 5, 0, 31, 21, 6, 33, 'L2'),
(487, 0, 5, 0, 32, 21, 6, 34, 'L3'),
(488, 0, 6, 0, 7, 5, 6, 35, 'celá'),
(489, 0, 8, 0, 34, 23, 6, 36, 's1'),
(490, 0, 8, 0, 20, 4, 6, 37, 's2'),
(491, 0, 9, 0, 34, 23, 6, 36, 's1'),
(492, 0, 9, 0, 3, 3, 6, 3, 's2'),
(493, 1, 1, 0, 20, 4, 6, 37, 's1'),
(494, 1, 1, 0, 12, 3, 6, 3, 's2'),
(495, 1, 2, 0, 7, 7, 6, 7, 'celá'),
(496, 1, 3, 0, 14, 6, 6, 21, 'celá'),
(497, 1, 4, 0, 8, 8, 6, 8, 'celá'),
(498, 1, 6, 0, 23, 24, 6, 33, 'celá'),
(499, 1, 7, 0, 23, 24, 6, 33, 'celá'),
(500, 1, 8, 0, 30, 25, 6, 2, 'celá'),
(501, 2, 1, 0, 35, 21, 6, 38, 'L1'),
(502, 2, 1, 0, 33, 22, 6, 12, 'L2'),
(503, 2, 1, 0, 36, 21, 6, 39, 'L3'),
(504, 2, 2, 0, 36, 21, 6, 39, 'L1'),
(505, 2, 2, 0, 35, 21, 6, 38, 'L2'),
(506, 2, 2, 0, 33, 22, 6, 12, 'L3'),
(507, 2, 3, 0, 33, 22, 6, 12, 'L1'),
(508, 2, 3, 0, 36, 21, 6, 39, 'L2'),
(509, 2, 3, 0, 35, 21, 6, 38, 'L3'),
(510, 2, 4, 0, 12, 4, 6, 37, 's1'),
(511, 2, 5, 0, 12, 4, 6, 37, 's2'),
(512, 2, 6, 0, 14, 6, 6, 21, 'celá'),
(513, 2, 7, 0, 30, 25, 6, 2, 'celá'),
(514, 2, 8, 0, 1, 22, 6, 40, 'celá'),
(515, 3, 1, 0, 30, 5, 6, 35, 'celá'),
(516, 3, 2, 0, 14, 6, 6, 21, 'celá'),
(517, 3, 3, 0, 4, 4, 6, 37, 's1'),
(518, 3, 3, 0, 34, 23, 6, 36, 's2'),
(519, 3, 4, 0, 3, 3, 6, 3, 's1'),
(520, 3, 4, 0, 34, 23, 6, 36, 's2'),
(521, 3, 5, 0, 7, 7, 6, 7, 'celá'),
(522, 3, 6, 0, 8, 8, 6, 8, 'celá'),
(523, 4, 1, 0, 1, 1, 6, 1, 'celá'),
(524, 4, 2, 0, 1, 1, 6, 1, 'celá'),
(525, 4, 3, 0, 15, 12, 6, 11, 'celá'),
(526, 4, 4, 0, 15, 12, 6, 11, 'celá'),
(527, 4, 5, 0, 28, 3, 6, 3, 's1'),
(528, 4, 5, 0, 4, 4, 6, 37, 's2'),
(529, 4, 6, 0, 7, 7, 6, 7, 'celá'),
(530, 0, 1, 1, 7, 7, 6, 7, 'celá'),
(531, 0, 2, 1, 1, 1, 6, 1, 'celá'),
(532, 0, 3, 1, 31, 21, 6, 33, 'L1'),
(533, 0, 3, 1, 32, 21, 6, 34, 'L2'),
(534, 0, 3, 1, 33, 22, 6, 12, 'L3'),
(535, 0, 4, 1, 32, 21, 6, 34, 'L1'),
(536, 0, 4, 1, 33, 22, 6, 12, 'L2'),
(537, 0, 4, 1, 31, 21, 6, 33, 'L3'),
(538, 0, 5, 1, 33, 22, 6, 12, 'L1'),
(539, 0, 5, 1, 31, 21, 6, 33, 'L2'),
(540, 0, 5, 1, 32, 21, 6, 34, 'L3'),
(541, 0, 6, 1, 7, 5, 6, 35, 'celá'),
(542, 0, 8, 1, 34, 23, 6, 36, 's1'),
(543, 0, 8, 1, 20, 4, 6, 37, 's2'),
(544, 0, 9, 1, 34, 23, 6, 36, 's1'),
(545, 0, 9, 1, 3, 3, 6, 3, 's2'),
(546, 1, 1, 1, 20, 4, 6, 37, 's1'),
(547, 1, 1, 1, 12, 3, 6, 3, 's2'),
(548, 1, 2, 1, 7, 7, 6, 7, 'celá'),
(549, 1, 3, 1, 14, 6, 6, 21, 'celá'),
(550, 1, 4, 1, 8, 8, 6, 8, 'celá'),
(551, 1, 6, 1, 23, 24, 6, 33, 'celá'),
(552, 1, 7, 1, 23, 24, 6, 33, 'celá'),
(553, 1, 8, 1, 30, 25, 6, 2, 'celá'),
(554, 2, 1, 1, 35, 21, 6, 38, 'L1'),
(555, 2, 1, 1, 33, 22, 6, 12, 'L2'),
(556, 2, 1, 1, 36, 21, 6, 39, 'L3'),
(557, 2, 2, 1, 36, 21, 6, 39, 'L1'),
(558, 2, 2, 1, 35, 21, 6, 38, 'L2'),
(559, 2, 2, 1, 33, 22, 6, 12, 'L3'),
(560, 2, 3, 1, 33, 22, 6, 12, 'L1'),
(561, 2, 3, 1, 36, 21, 6, 39, 'L2'),
(562, 2, 3, 1, 35, 21, 6, 38, 'L3'),
(563, 2, 4, 1, 12, 4, 6, 37, 's1'),
(564, 2, 5, 1, 12, 4, 6, 37, 's2'),
(565, 2, 6, 1, 14, 6, 6, 21, 'celá'),
(566, 2, 7, 1, 30, 25, 6, 2, 'celá'),
(567, 2, 8, 1, 1, 22, 6, 40, 'celá'),
(568, 3, 1, 1, 30, 5, 6, 35, 'celá'),
(569, 3, 2, 1, 14, 6, 6, 21, 'celá'),
(570, 3, 3, 1, 4, 4, 6, 37, 's1'),
(571, 3, 3, 1, 34, 23, 6, 36, 's2'),
(572, 3, 4, 1, 3, 3, 6, 3, 's1'),
(573, 3, 4, 1, 34, 23, 6, 36, 's2'),
(574, 3, 5, 1, 7, 7, 6, 7, 'celá'),
(575, 3, 6, 1, 8, 8, 6, 8, 'celá'),
(576, 4, 1, 1, 1, 1, 6, 1, 'celá'),
(577, 4, 2, 1, 1, 1, 6, 1, 'celá'),
(578, 4, 3, 1, 15, 12, 6, 11, 'celá'),
(579, 4, 4, 1, 15, 12, 6, 11, 'celá'),
(580, 4, 5, 1, 28, 3, 6, 3, 's1'),
(581, 4, 5, 1, 4, 4, 6, 37, 's2'),
(582, 4, 6, 1, 7, 7, 6, 7, 'celá'),
(583, 0, 1, 0, 18, 7, 7, 14, 'celá'),
(584, 0, 2, 0, 8, 5, 7, 35, 'celá'),
(585, 0, 3, 0, 1, 1, 7, 1, 'celá'),
(586, 0, 4, 0, 1, 1, 7, 1, 'celá'),
(587, 0, 6, 0, 28, 3, 7, 22, 'celá'),
(588, 0, 7, 0, 31, 26, 7, 33, 'IB1'),
(589, 0, 7, 0, 33, 27, 7, 12, 'IB2'),
(590, 0, 7, 0, 35, 21, 7, 38, 'M'),
(591, 0, 8, 0, 33, 27, 7, 12, 'IB1'),
(592, 0, 8, 0, 35, 26, 7, 38, 'IB2'),
(593, 0, 8, 0, 31, 21, 7, 33, 'M'),
(594, 0, 9, 0, 35, 26, 7, 38, 'IB1'),
(595, 0, 9, 0, 31, 26, 7, 33, 'IB2'),
(596, 0, 9, 0, 33, 22, 7, 12, 'M'),
(597, 1, 0, 0, 15, 12, 7, 11, 'celá'),
(598, 1, 1, 0, 15, 12, 7, 11, 'celá'),
(599, 1, 2, 0, 8, 28, 7, 33, 'IB'),
(600, 1, 2, 0, 8, 24, 7, 33, 'M'),
(601, 1, 3, 0, 8, 28, 7, 33, 'IB'),
(602, 1, 3, 0, 8, 24, 7, 33, 'M'),
(603, 1, 4, 0, 34, 23, 7, 36, 'IB'),
(604, 1, 4, 0, 36, 21, 7, 41, 'M'),
(605, 1, 5, 0, 34, 23, 7, 36, 'IB'),
(606, 1, 5, 0, 36, 21, 7, 41, 'M'),
(607, 2, 1, 0, 20, 4, 7, 15, 'celá'),
(608, 2, 2, 0, 18, 7, 7, 14, 'celá'),
(609, 2, 3, 0, 30, 8, 7, 29, 'celá'),
(610, 2, 4, 0, 7, 6, 7, 30, 'celá'),
(611, 2, 5, 0, 28, 6, 7, 30, 'celá'),
(612, 2, 7, 0, 33, 27, 7, 12, 'IB1'),
(613, 2, 8, 0, 33, 27, 7, 12, 'IB2'),
(614, 2, 9, 0, 33, 22, 7, 12, 'M'),
(615, 3, 1, 0, 1, 29, 7, 12, 'IB'),
(616, 3, 1, 0, 34, 23, 7, 36, 'M'),
(617, 3, 2, 0, 1, 29, 7, 12, 'IB'),
(618, 3, 2, 0, 34, 23, 7, 36, 'M'),
(619, 3, 3, 0, 6, 3, 7, 22, 'celá'),
(620, 3, 4, 0, 28, 6, 7, 30, 'celá'),
(621, 3, 6, 0, 20, 4, 7, 15, 'celá'),
(622, 3, 7, 0, 18, 7, 7, 14, 'celá'),
(623, 3, 8, 0, 1, 27, 7, 40, 'IB'),
(624, 3, 8, 0, 1, 22, 7, 40, 'M'),
(625, 3, 9, 0, 8, 8, 7, 29, 'celá'),
(626, 4, 1, 0, 33, 26, 7, 38, 'IB2'),
(627, 4, 1, 0, 30, 25, 7, 2, 'M'),
(628, 4, 2, 0, 33, 26, 7, 38, 'IB2'),
(629, 4, 2, 0, 30, 25, 7, 2, 'M'),
(630, 4, 3, 0, 18, 7, 7, 14, 'celá'),
(631, 4, 4, 0, 1, 1, 7, 1, 'celá'),
(632, 4, 5, 0, 20, 4, 7, 15, 'celá'),
(633, 4, 6, 0, 8, 5, 7, 35, 'celá'),
(634, 0, 1, 1, 18, 7, 7, 14, 'celá'),
(635, 0, 2, 1, 8, 5, 7, 35, 'celá'),
(636, 0, 3, 1, 1, 1, 7, 1, 'celá'),
(637, 0, 4, 1, 1, 1, 7, 1, 'celá'),
(638, 0, 6, 1, 28, 3, 7, 22, 'celá'),
(639, 0, 7, 1, 31, 26, 7, 33, 'IB1'),
(640, 0, 7, 1, 33, 27, 7, 12, 'IB2'),
(641, 0, 7, 1, 35, 21, 7, 38, 'M'),
(642, 0, 8, 1, 33, 27, 7, 12, 'IB1'),
(643, 0, 8, 1, 35, 26, 7, 38, 'IB2'),
(644, 0, 8, 1, 31, 21, 7, 33, 'M'),
(645, 0, 9, 1, 35, 26, 7, 38, 'IB1'),
(646, 0, 9, 1, 31, 26, 7, 33, 'IB2'),
(647, 0, 9, 1, 33, 22, 7, 12, 'M'),
(648, 1, 0, 1, 15, 12, 7, 11, 'celá'),
(649, 1, 1, 1, 15, 12, 7, 11, 'celá'),
(650, 1, 2, 1, 8, 28, 7, 33, 'IB'),
(651, 1, 2, 1, 8, 24, 7, 33, 'M'),
(652, 1, 3, 1, 8, 28, 7, 33, 'IB'),
(653, 1, 3, 1, 8, 24, 7, 33, 'M'),
(654, 1, 4, 1, 1, 29, 7, 12, 'IB'),
(655, 1, 4, 1, 34, 23, 7, 36, 'M'),
(656, 1, 5, 1, 1, 29, 7, 12, 'IB'),
(657, 1, 5, 1, 34, 23, 7, 36, 'M'),
(658, 1, 7, 1, 37, 26, 7, 42, 'IB'),
(659, 1, 8, 1, 37, 26, 7, 42, 'IB'),
(660, 2, 1, 1, 20, 4, 7, 15, 'celá'),
(661, 2, 2, 1, 18, 7, 7, 14, 'celá'),
(662, 2, 3, 1, 30, 8, 7, 29, 'celá'),
(663, 2, 4, 1, 7, 6, 7, 30, 'celá'),
(664, 2, 5, 1, 28, 6, 7, 30, 'celá'),
(665, 2, 7, 1, 33, 27, 7, 12, 'IB1'),
(666, 2, 8, 1, 33, 27, 7, 12, 'IB2'),
(667, 2, 9, 1, 33, 22, 7, 12, 'M'),
(668, 3, 1, 1, 34, 23, 7, 36, 'IB'),
(669, 3, 1, 1, 32, 21, 7, 34, 'M'),
(670, 3, 2, 1, 34, 23, 7, 36, 'IB'),
(671, 3, 2, 1, 32, 21, 7, 34, 'M'),
(672, 3, 3, 1, 6, 3, 7, 22, 'celá'),
(673, 3, 4, 1, 28, 6, 7, 30, 'celá'),
(674, 3, 6, 1, 20, 4, 7, 15, 'celá'),
(675, 3, 7, 1, 18, 7, 7, 14, 'celá'),
(676, 3, 8, 1, 1, 27, 7, 40, 'IB'),
(677, 3, 8, 1, 1, 22, 7, 40, 'M'),
(678, 3, 9, 1, 8, 8, 7, 29, 'celá'),
(679, 4, 1, 1, 33, 26, 7, 38, 'IB1'),
(680, 4, 1, 1, 30, 25, 7, 2, 'M'),
(681, 4, 2, 1, 33, 26, 7, 38, 'IB1'),
(682, 4, 2, 1, 30, 25, 7, 2, 'M'),
(683, 4, 3, 1, 18, 7, 7, 14, 'celá'),
(684, 4, 4, 1, 1, 1, 7, 1, 'celá'),
(685, 4, 5, 1, 20, 4, 7, 15, 'celá'),
(686, 4, 6, 1, 8, 5, 7, 35, 'celá'),
(687, 0, 1, 0, 15, 12, 8, 25, 'celá'),
(688, 0, 2, 0, 15, 12, 8, 25, 'celá'),
(689, 0, 3, 0, 8, 7, 8, 25, 'celá'),
(690, 0, 4, 0, 12, 3, 8, 27, 's1'),
(691, 0, 4, 0, 9, 17, 8, 18, 's2'),
(692, 0, 5, 0, 13, 4, 8, 24, 's1'),
(693, 0, 5, 0, 9, 17, 8, 18, 's2'),
(694, 0, 6, 0, 12, 3, 8, 27, 's2'),
(695, 0, 7, 0, 22, 30, 8, 43, 's1'),
(696, 0, 8, 0, 22, 30, 8, 43, 's1'),
(697, 0, 8, 0, 27, 31, 8, 19, 's2'),
(698, 0, 9, 0, 22, 30, 8, 43, 's1'),
(699, 0, 9, 0, 27, 31, 8, 19, 's2'),
(700, 1, 1, 0, 8, 5, 8, 35, 'celá'),
(701, 1, 2, 0, 24, 14, 8, 19, 'celá'),
(702, 1, 3, 0, 29, 32, 8, 44, 'celá'),
(703, 1, 4, 0, 29, 32, 8, 44, 'celá'),
(704, 1, 5, 0, 27, 31, 8, 20, 's1'),
(705, 1, 6, 0, 27, 31, 8, 20, 's1'),
(706, 1, 6, 0, 13, 4, 8, 24, 's2'),
(707, 1, 7, 0, 22, 30, 8, 43, 's2'),
(708, 1, 8, 0, 9, 17, 8, 18, 's1'),
(709, 1, 8, 0, 22, 30, 8, 43, 's2'),
(710, 1, 9, 0, 9, 17, 8, 18, 's1'),
(711, 1, 9, 0, 22, 30, 8, 43, 's2'),
(712, 2, 1, 0, 13, 4, 8, 24, 's1'),
(713, 2, 1, 0, 21, 32, 8, 44, 's2'),
(714, 2, 2, 0, 13, 4, 8, 24, 's1'),
(715, 2, 2, 0, 21, 32, 8, 44, 's2'),
(716, 2, 3, 0, 5, 6, 8, 30, 'celá'),
(717, 2, 4, 0, 8, 7, 8, 25, 'celá'),
(718, 2, 5, 0, 24, 14, 8, 19, 'celá'),
(719, 2, 6, 0, 8, 8, 8, 29, 'celá'),
(720, 2, 8, 0, 27, 31, 8, 20, 's1'),
(721, 2, 8, 0, 12, 3, 8, 27, 's2'),
(722, 2, 9, 0, 27, 31, 8, 20, 's1'),
(723, 3, 1, 0, 8, 7, 8, 25, 'celá'),
(724, 3, 2, 0, 4, 3, 8, 27, 's1'),
(725, 3, 2, 0, 13, 4, 8, 24, 's2'),
(726, 3, 3, 0, 28, 6, 8, 30, 'celá'),
(727, 3, 4, 0, 30, 8, 8, 29, 'celá'),
(728, 3, 5, 0, 8, 5, 8, 35, 'celá'),
(729, 3, 6, 0, 13, 4, 8, 24, 's2'),
(730, 4, 1, 0, 28, 6, 8, 30, 'celá'),
(731, 4, 2, 0, 29, 31, 8, 19, 'celá'),
(732, 4, 3, 0, 8, 7, 8, 25, 'celá'),
(733, 4, 4, 0, 21, 32, 8, 44, 's1'),
(734, 4, 5, 0, 21, 32, 8, 44, 's1'),
(735, 4, 5, 0, 27, 31, 8, 19, 's2'),
(736, 4, 6, 0, 27, 31, 8, 19, 's2'),
(737, 0, 1, 1, 15, 12, 8, 25, 'celá'),
(738, 0, 2, 1, 15, 12, 8, 25, 'celá'),
(739, 0, 3, 1, 8, 7, 8, 25, 'celá'),
(740, 0, 4, 1, 12, 3, 8, 27, 's1'),
(741, 0, 4, 1, 9, 17, 8, 18, 's2'),
(742, 0, 5, 1, 13, 4, 8, 24, 's1'),
(743, 0, 5, 1, 9, 17, 8, 18, 's2'),
(744, 0, 6, 1, 12, 3, 8, 27, 's2'),
(745, 0, 7, 1, 22, 30, 8, 43, 's1'),
(746, 0, 8, 1, 22, 30, 8, 43, 's1'),
(747, 0, 8, 1, 27, 31, 8, 19, 's2'),
(748, 0, 9, 1, 22, 30, 8, 43, 's1'),
(749, 0, 9, 1, 27, 31, 8, 19, 's2'),
(750, 1, 1, 1, 8, 5, 8, 35, 'celá'),
(751, 1, 2, 1, 24, 14, 8, 19, 'celá'),
(752, 1, 3, 1, 29, 32, 8, 44, 'celá'),
(753, 1, 4, 1, 29, 32, 8, 44, 'celá'),
(754, 1, 5, 1, 27, 31, 8, 20, 's1'),
(755, 1, 6, 1, 27, 31, 8, 20, 's1'),
(756, 1, 6, 1, 13, 4, 8, 24, 's2'),
(757, 1, 7, 1, 22, 30, 8, 43, 's2'),
(758, 1, 8, 1, 9, 17, 8, 18, 's1'),
(759, 1, 8, 1, 22, 30, 8, 43, 's2'),
(760, 1, 9, 1, 9, 17, 8, 18, 's1'),
(761, 1, 9, 1, 22, 30, 8, 43, 's2'),
(762, 2, 1, 1, 13, 4, 8, 24, 's1'),
(763, 2, 1, 1, 21, 32, 8, 44, 's2'),
(764, 2, 2, 1, 13, 4, 8, 24, 's1'),
(765, 2, 2, 1, 21, 32, 8, 44, 's2'),
(766, 2, 3, 1, 5, 6, 8, 30, 'celá'),
(767, 2, 4, 1, 8, 7, 8, 25, 'celá'),
(768, 2, 5, 1, 24, 14, 8, 19, 'celá'),
(769, 2, 6, 1, 8, 8, 8, 29, 'celá'),
(770, 2, 8, 1, 27, 31, 8, 20, 's1'),
(771, 2, 8, 1, 12, 3, 8, 27, 's2'),
(772, 2, 9, 1, 27, 31, 8, 20, 's1'),
(773, 3, 1, 1, 8, 7, 8, 25, 'celá'),
(774, 3, 2, 1, 4, 3, 8, 27, 's1'),
(775, 3, 2, 1, 13, 4, 8, 24, 's2'),
(776, 3, 3, 1, 28, 6, 8, 30, 'celá'),
(777, 3, 4, 1, 30, 8, 8, 29, 'celá'),
(778, 3, 5, 1, 8, 5, 8, 35, 'celá'),
(779, 3, 6, 1, 13, 4, 8, 24, 's2'),
(780, 4, 1, 1, 28, 6, 8, 30, 'celá'),
(781, 4, 2, 1, 29, 31, 8, 19, 'celá'),
(782, 4, 3, 1, 8, 7, 8, 25, 'celá'),
(783, 4, 4, 1, 21, 32, 8, 44, 's1'),
(784, 4, 5, 1, 21, 32, 8, 44, 's1'),
(785, 4, 5, 1, 27, 31, 8, 19, 's2'),
(786, 4, 6, 1, 27, 31, 8, 19, 's2'),
(787, 0, 1, 0, 24, 33, 9, 42, 'celá'),
(788, 0, 2, 0, 6, 6, 9, 6, 'celá'),
(789, 0, 3, 0, 29, 34, 9, 45, 'celá'),
(790, 0, 4, 0, 29, 14, 9, 19, 'celá'),
(791, 0, 5, 0, 37, 35, 9, 46, 's1'),
(792, 0, 5, 0, 22, 36, 9, 20, 's2'),
(793, 0, 6, 0, 37, 35, 9, 46, 's1'),
(794, 0, 6, 0, 22, 36, 9, 20, 's2'),
(795, 0, 8, 0, 25, 34, 9, 46, 's1'),
(796, 0, 8, 0, 9, 17, 9, 18, 's2'),
(797, 0, 9, 0, 25, 34, 9, 46, 's1'),
(798, 0, 9, 0, 9, 17, 9, 18, 's2'),
(799, 1, 1, 0, 24, 33, 9, 42, 'celá'),
(800, 1, 2, 0, 5, 7, 9, 17, 'celá'),
(801, 1, 3, 0, 21, 17, 9, 18, 's1'),
(802, 1, 3, 0, 16, 34, 9, 46, 's2'),
(803, 1, 4, 0, 21, 17, 9, 18, 's1'),
(804, 1, 4, 0, 16, 34, 9, 46, 's2'),
(805, 1, 5, 0, 29, 37, 9, 44, 'celá'),
(806, 1, 7, 0, 28, 3, 9, 27, 'celá'),
(807, 1, 8, 0, 21, 36, 9, 20, 's1'),
(808, 1, 8, 0, 25, 35, 9, 46, 's2'),
(809, 1, 9, 0, 21, 36, 9, 20, 's1'),
(810, 1, 9, 0, 25, 35, 9, 46, 's2'),
(811, 2, 1, 0, 1, 5, 9, 10, 'celá'),
(812, 2, 2, 0, 6, 6, 9, 6, 'celá'),
(813, 2, 3, 0, 26, 4, 9, 26, 'celá'),
(814, 2, 4, 0, 29, 37, 9, 44, 'celá'),
(815, 2, 5, 0, 8, 8, 9, 29, 'celá'),
(816, 2, 6, 0, 24, 34, 9, 45, 'celá'),
(817, 2, 8, 0, 24, 14, 9, 19, 'celá'),
(818, 2, 9, 0, 12, 3, 9, 27, 'celá'),
(819, 3, 1, 0, 15, 12, 9, 11, 'celá'),
(820, 3, 2, 0, 15, 12, 9, 11, 'celá'),
(821, 3, 3, 0, 5, 7, 9, 17, 'celá'),
(822, 3, 4, 0, 5, 7, 9, 17, 'celá'),
(823, 3, 5, 0, 26, 4, 9, 26, 'celá'),
(824, 4, 1, 0, 5, 7, 9, 17, 'celá'),
(825, 4, 2, 0, 6, 6, 9, 6, 'celá'),
(826, 4, 3, 0, 4, 5, 9, 10, 'celá'),
(827, 4, 4, 0, 24, 8, 9, 29, 'celá'),
(828, 4, 5, 0, 26, 4, 9, 26, 'celá'),
(829, 0, 1, 1, 24, 33, 9, 42, 'celá'),
(830, 0, 2, 1, 6, 6, 9, 6, 'celá'),
(831, 0, 3, 1, 29, 34, 9, 45, 'celá'),
(832, 0, 4, 1, 29, 14, 9, 19, 'celá'),
(833, 0, 5, 1, 37, 35, 9, 46, 's1'),
(834, 0, 5, 1, 22, 36, 9, 20, 's2'),
(835, 0, 6, 1, 37, 35, 9, 46, 's1'),
(836, 0, 6, 1, 22, 36, 9, 20, 's2'),
(837, 0, 8, 1, 25, 34, 9, 46, 's1'),
(838, 0, 8, 1, 9, 17, 9, 18, 's2'),
(839, 0, 9, 1, 25, 34, 9, 46, 's1'),
(840, 0, 9, 1, 9, 17, 9, 18, 's2'),
(841, 1, 1, 1, 24, 33, 9, 42, 'celá'),
(842, 1, 2, 1, 5, 7, 9, 17, 'celá'),
(843, 1, 3, 1, 21, 17, 9, 18, 's1'),
(844, 1, 3, 1, 16, 34, 9, 46, 's2'),
(845, 1, 4, 1, 21, 17, 9, 18, 's1'),
(846, 1, 4, 1, 16, 34, 9, 46, 's2'),
(847, 1, 5, 1, 29, 37, 9, 44, 'celá'),
(848, 1, 7, 1, 28, 3, 9, 27, 'celá'),
(849, 1, 8, 1, 21, 36, 9, 20, 's1'),
(850, 1, 8, 1, 25, 35, 9, 46, 's2'),
(851, 1, 9, 1, 21, 36, 9, 20, 's1'),
(852, 1, 9, 1, 25, 35, 9, 46, 's2'),
(853, 2, 1, 1, 1, 5, 9, 10, 'celá'),
(854, 2, 2, 1, 6, 6, 9, 6, 'celá'),
(855, 2, 3, 1, 26, 4, 9, 26, 'celá'),
(856, 2, 4, 1, 29, 37, 9, 44, 'celá'),
(857, 2, 5, 1, 8, 8, 9, 29, 'celá'),
(858, 2, 6, 1, 24, 34, 9, 45, 'celá'),
(859, 2, 8, 1, 24, 14, 9, 19, 'celá'),
(860, 2, 9, 1, 12, 3, 9, 27, 'celá'),
(861, 3, 1, 1, 15, 12, 9, 11, 'celá'),
(862, 3, 2, 1, 15, 12, 9, 11, 'celá'),
(863, 3, 3, 1, 5, 7, 9, 17, 'celá'),
(864, 3, 4, 1, 5, 7, 9, 17, 'celá'),
(865, 3, 5, 1, 26, 4, 9, 26, 'celá'),
(866, 4, 1, 1, 5, 7, 9, 17, 'celá'),
(867, 4, 2, 1, 6, 6, 9, 6, 'celá'),
(868, 4, 3, 1, 4, 5, 9, 10, 'celá'),
(869, 4, 4, 1, 24, 8, 9, 29, 'celá'),
(870, 4, 5, 1, 26, 4, 9, 26, 'celá'),
(871, 0, 1, 0, 29, 5, 10, 35, 'celá'),
(872, 0, 2, 0, 30, 8, 10, 32, 'celá'),
(873, 0, 3, 0, 12, 4, 10, 37, 's1'),
(874, 0, 3, 0, 10, 10, 10, 9, 's2'),
(875, 0, 4, 0, 28, 3, 10, 28, 's1'),
(876, 0, 4, 0, 10, 10, 10, 9, 's2'),
(877, 0, 5, 0, 6, 6, 10, 6, 'celá'),
(878, 0, 7, 0, 32, 38, 10, 34, 'L1'),
(879, 0, 7, 0, 38, 38, 10, 47, 'L3'),
(880, 0, 8, 0, 38, 38, 10, 47, 'L1'),
(881, 0, 8, 0, 32, 38, 10, 34, 'L2'),
(882, 0, 9, 0, 38, 38, 10, 47, 'L2'),
(883, 0, 9, 0, 32, 38, 10, 34, 'L3'),
(884, 1, 1, 0, 18, 7, 10, 14, 'celá'),
(885, 1, 2, 0, 29, 5, 10, 35, 'celá'),
(886, 1, 3, 0, 10, 10, 10, 9, 's1'),
(887, 1, 3, 0, 20, 4, 10, 37, 's2'),
(888, 1, 4, 0, 10, 10, 10, 9, 's1'),
(889, 1, 4, 0, 39, 39, 10, 34, 's2'),
(890, 1, 5, 0, 13, 4, 10, 37, 's1'),
(891, 1, 5, 0, 39, 39, 10, 34, 's2'),
(892, 1, 6, 0, 6, 40, 10, 32, 'celá'),
(893, 1, 8, 0, 15, 12, 10, 25, 'celá'),
(894, 1, 9, 0, 15, 12, 10, 25, 'celá'),
(895, 2, 1, 0, 10, 2, 10, 9, 's1'),
(896, 2, 1, 0, 26, 4, 10, 37, 's2'),
(897, 2, 2, 0, 10, 2, 10, 9, 's1'),
(898, 2, 2, 0, 12, 3, 10, 28, 's2'),
(899, 2, 3, 0, 18, 7, 10, 14, 'celá'),
(900, 2, 4, 0, 30, 40, 10, 32, 'celá'),
(901, 2, 6, 0, 2, 20, 10, 32, 's1'),
(902, 2, 6, 0, 10, 2, 10, 9, 's2'),
(903, 2, 7, 0, 2, 20, 10, 32, 's1'),
(904, 2, 7, 0, 10, 2, 10, 9, 's2'),
(905, 2, 8, 0, 8, 8, 10, 32, 'celá'),
(906, 3, 1, 0, 18, 7, 10, 14, 'celá'),
(907, 3, 2, 0, 18, 7, 10, 14, 'celá'),
(908, 3, 3, 0, 39, 39, 10, 34, 's1'),
(909, 3, 3, 0, 2, 20, 10, 32, 's2'),
(910, 3, 4, 0, 39, 39, 10, 34, 's1'),
(911, 3, 4, 0, 2, 20, 10, 32, 's2'),
(912, 3, 5, 0, 19, 41, 10, 31, 'Auto'),
(913, 3, 6, 0, 19, 42, 10, 31, 'Aero'),
(914, 3, 7, 0, 6, 6, 10, 6, 'celá'),
(915, 3, 8, 0, 30, 19, 10, 29, 'celá'),
(916, 4, 1, 0, 4, 4, 10, 37, 's1'),
(917, 4, 1, 0, 12, 3, 10, 28, 's2'),
(918, 4, 2, 0, 12, 3, 10, 28, 's1'),
(919, 4, 2, 0, 4, 4, 10, 37, 's2'),
(920, 4, 3, 0, 6, 6, 10, 6, 'celá'),
(921, 4, 4, 0, 19, 42, 10, 31, 'Aero'),
(922, 4, 5, 0, 19, 41, 10, 31, 'Auto'),
(923, 4, 6, 0, 30, 19, 10, 29, 'celá'),
(924, 0, 1, 1, 29, 5, 10, 35, 'celá'),
(925, 0, 2, 1, 30, 8, 10, 32, 'celá'),
(926, 0, 3, 1, 12, 4, 10, 37, 's1'),
(927, 0, 3, 1, 10, 10, 10, 9, 's2'),
(928, 0, 4, 1, 28, 3, 10, 28, 's1'),
(929, 0, 4, 1, 10, 10, 10, 9, 's2'),
(930, 0, 5, 1, 6, 6, 10, 6, 'celá'),
(931, 0, 7, 1, 32, 38, 10, 34, 'L1'),
(932, 0, 7, 1, 38, 38, 10, 47, 'L3'),
(933, 0, 8, 1, 38, 38, 10, 47, 'L1'),
(934, 0, 8, 1, 32, 38, 10, 34, 'L2'),
(935, 0, 9, 1, 38, 38, 10, 47, 'L2'),
(936, 0, 9, 1, 32, 38, 10, 34, 'L3'),
(937, 1, 1, 1, 18, 7, 10, 14, 'celá'),
(938, 1, 2, 1, 29, 5, 10, 35, 'celá'),
(939, 1, 3, 1, 10, 10, 10, 9, 's1'),
(940, 1, 3, 1, 20, 4, 10, 37, 's2'),
(941, 1, 4, 1, 10, 10, 10, 9, 's1'),
(942, 1, 4, 1, 39, 39, 10, 34, 's2'),
(943, 1, 5, 1, 13, 4, 10, 37, 's1'),
(944, 1, 5, 1, 39, 39, 10, 34, 's2'),
(945, 1, 6, 1, 6, 40, 10, 32, 'celá'),
(946, 1, 8, 1, 15, 12, 10, 25, 'celá'),
(947, 1, 9, 1, 15, 12, 10, 25, 'celá'),
(948, 2, 1, 1, 10, 2, 10, 9, 's1'),
(949, 2, 1, 1, 26, 4, 10, 37, 's2'),
(950, 2, 2, 1, 10, 2, 10, 9, 's1'),
(951, 2, 2, 1, 12, 3, 10, 28, 's2'),
(952, 2, 3, 1, 18, 7, 10, 14, 'celá'),
(953, 2, 4, 1, 30, 40, 10, 32, 'celá'),
(954, 2, 6, 1, 2, 20, 10, 32, 's1'),
(955, 2, 6, 1, 10, 2, 10, 9, 's2'),
(956, 2, 7, 1, 2, 20, 10, 32, 's1'),
(957, 2, 7, 1, 10, 2, 10, 9, 's2'),
(958, 2, 8, 1, 8, 8, 10, 32, 'celá'),
(959, 3, 1, 1, 18, 7, 10, 14, 'celá'),
(960, 3, 2, 1, 18, 7, 10, 14, 'celá'),
(961, 3, 3, 1, 39, 39, 10, 34, 's1'),
(962, 3, 3, 1, 2, 20, 10, 32, 's2'),
(963, 3, 4, 1, 39, 39, 10, 34, 's1'),
(964, 3, 4, 1, 2, 20, 10, 32, 's2'),
(965, 3, 5, 1, 19, 41, 10, 31, 'Auto'),
(966, 3, 6, 1, 19, 42, 10, 31, 'Aero'),
(967, 3, 7, 1, 6, 6, 10, 6, 'celá'),
(968, 3, 8, 1, 30, 19, 10, 29, 'celá'),
(969, 4, 1, 1, 4, 4, 10, 37, 's1'),
(970, 4, 1, 1, 12, 3, 10, 28, 's2'),
(971, 4, 2, 1, 12, 3, 10, 28, 's1'),
(972, 4, 2, 1, 4, 4, 10, 37, 's2'),
(973, 4, 3, 1, 6, 6, 10, 6, 'celá'),
(974, 4, 4, 1, 19, 42, 10, 31, 'Aero'),
(975, 4, 5, 1, 19, 41, 10, 31, 'Auto'),
(976, 4, 6, 1, 30, 19, 10, 29, 'celá'),
(977, 0, 1, 0, 28, 6, 11, 21, 'celá'),
(978, 0, 2, 0, 18, 7, 11, 14, 'celá'),
(979, 0, 3, 0, 40, 4, 11, 48, 'celá'),
(980, 0, 4, 0, 40, 4, 11, 48, 'celá'),
(981, 0, 5, 0, 8, 24, 11, 2, 'celá'),
(982, 0, 7, 0, 8, 43, 11, 10, 'celá'),
(983, 0, 8, 0, 14, 5, 11, 21, 'celá'),
(984, 0, 9, 0, 12, 3, 11, 27, 'celá'),
(985, 1, 1, 0, 11, 1, 11, 12, 'celá'),
(986, 1, 2, 0, 39, 22, 11, 49, 'J1'),
(987, 1, 2, 0, 34, 23, 11, 8, 'J2'),
(988, 1, 3, 0, 39, 22, 11, 49, 'J1'),
(989, 1, 3, 0, 34, 23, 11, 8, 'J2'),
(990, 1, 4, 0, 13, 4, 11, 24, 'celá'),
(991, 1, 6, 0, 41, 38, 11, 47, 'L1'),
(992, 1, 7, 0, 41, 38, 11, 47, 'L2'),
(993, 1, 8, 0, 41, 38, 11, 47, 'L3'),
(994, 2, 1, 0, 18, 7, 11, 14, 'celá'),
(995, 2, 2, 0, 4, 3, 11, 27, 'celá'),
(996, 2, 3, 0, 19, 44, 11, 31, 'celá'),
(997, 2, 4, 0, 19, 19, 11, 31, 'celá'),
(998, 2, 6, 0, 34, 23, 11, 8, 'J1'),
(999, 2, 6, 0, 39, 22, 11, 34, 'J2'),
(1000, 2, 7, 0, 34, 23, 11, 8, 'J1'),
(1001, 2, 7, 0, 39, 22, 11, 34, 'J2'),
(1002, 2, 8, 0, 23, 24, 11, 2, 'celá'),
(1003, 2, 9, 0, 23, 24, 11, 2, 'celá'),
(1004, 3, 1, 0, 6, 6, 11, 21, 'celá'),
(1005, 3, 2, 0, 19, 44, 11, 31, 'celá'),
(1006, 3, 3, 0, 31, 24, 11, 50, 'L1'),
(1007, 3, 3, 0, 35, 38, 11, 38, 'L2'),
(1008, 3, 3, 0, 36, 38, 11, 41, 'L3'),
(1009, 3, 4, 0, 36, 38, 11, 41, 'L1'),
(1010, 3, 4, 0, 31, 24, 11, 50, 'L2'),
(1011, 3, 4, 0, 35, 38, 11, 38, 'L3'),
(1012, 3, 5, 0, 35, 38, 11, 38, 'L1'),
(1013, 3, 5, 0, 36, 38, 11, 41, 'L2'),
(1014, 3, 5, 0, 31, 24, 11, 50, 'L3'),
(1015, 3, 7, 0, 8, 43, 11, 10, 'celá'),
(1016, 3, 8, 0, 15, 12, 11, 25, 'celá'),
(1017, 3, 9, 0, 15, 12, 11, 25, 'celá'),
(1018, 4, 1, 0, 29, 43, 11, 10, 'celá'),
(1019, 4, 2, 0, 28, 6, 11, 21, 'celá'),
(1020, 4, 3, 0, 19, 19, 11, 31, 'celá'),
(1021, 4, 4, 0, 18, 7, 11, 14, 'celá'),
(1022, 4, 5, 0, 29, 1, 11, 12, 'celá'),
(1023, 4, 6, 0, 13, 4, 11, 24, 'celá'),
(1024, 0, 1, 1, 28, 6, 11, 21, 'celá'),
(1025, 0, 2, 1, 18, 7, 11, 14, 'celá'),
(1026, 0, 3, 1, 13, 4, 11, 24, 'celá'),
(1027, 0, 4, 1, 13, 4, 11, 24, 'celá'),
(1028, 0, 5, 1, 8, 24, 11, 2, 'celá'),
(1029, 0, 7, 1, 8, 43, 11, 10, 'celá'),
(1030, 0, 8, 1, 14, 5, 11, 21, 'celá'),
(1031, 0, 9, 1, 12, 3, 11, 27, 'celá'),
(1032, 1, 1, 1, 11, 1, 11, 12, 'celá'),
(1033, 1, 2, 1, 34, 23, 11, 8, 'J1'),
(1034, 1, 2, 1, 39, 22, 11, 49, 'J2'),
(1035, 1, 3, 1, 34, 23, 11, 8, 'J1'),
(1036, 1, 3, 1, 39, 22, 11, 49, 'J2'),
(1037, 1, 4, 1, 13, 4, 11, 24, 'celá'),
(1038, 1, 6, 1, 41, 38, 11, 47, 'L1'),
(1039, 1, 7, 1, 41, 38, 11, 47, 'L2'),
(1040, 1, 8, 1, 41, 38, 11, 47, 'L3'),
(1041, 2, 1, 1, 18, 7, 11, 14, 'celá'),
(1042, 2, 2, 1, 4, 3, 11, 27, 'celá'),
(1043, 2, 3, 1, 19, 44, 11, 31, 'celá'),
(1044, 2, 4, 1, 19, 19, 11, 31, 'celá'),
(1045, 2, 6, 1, 39, 22, 11, 34, 'J1'),
(1046, 2, 6, 1, 34, 23, 11, 8, 'J2'),
(1047, 2, 7, 1, 39, 22, 11, 34, 'J1'),
(1048, 2, 7, 1, 34, 23, 11, 8, 'J2'),
(1049, 2, 8, 1, 23, 24, 11, 2, 'celá'),
(1050, 2, 9, 1, 23, 24, 11, 2, 'celá'),
(1051, 3, 1, 1, 6, 6, 11, 21, 'celá'),
(1052, 3, 2, 1, 19, 44, 11, 31, 'celá'),
(1053, 3, 3, 1, 31, 24, 11, 50, 'L1'),
(1054, 3, 3, 1, 35, 38, 11, 38, 'L2'),
(1055, 3, 3, 1, 36, 38, 11, 41, 'L3'),
(1056, 3, 4, 1, 36, 38, 11, 41, 'L1'),
(1057, 3, 4, 1, 31, 24, 11, 50, 'L2'),
(1058, 3, 4, 1, 35, 38, 11, 38, 'L3'),
(1059, 3, 5, 1, 35, 38, 11, 38, 'L1'),
(1060, 3, 5, 1, 36, 38, 11, 41, 'L2'),
(1061, 3, 5, 1, 31, 24, 11, 50, 'L3'),
(1062, 3, 7, 1, 8, 43, 11, 10, 'celá'),
(1063, 3, 8, 1, 15, 12, 11, 25, 'celá'),
(1064, 3, 9, 1, 15, 12, 11, 25, 'celá'),
(1065, 4, 1, 1, 29, 43, 11, 10, 'celá'),
(1066, 4, 2, 1, 28, 6, 11, 21, 'celá'),
(1067, 4, 3, 1, 19, 19, 11, 31, 'celá'),
(1068, 4, 4, 1, 18, 7, 11, 14, 'celá'),
(1069, 4, 5, 1, 29, 1, 11, 12, 'celá'),
(1070, 4, 6, 1, 13, 4, 11, 24, 'celá'),
(1071, 0, 1, 0, 34, 23, 12, 8, 'J1'),
(1072, 0, 1, 0, 3, 3, 12, 3, 'J2'),
(1073, 0, 2, 0, 34, 23, 12, 8, 'J1'),
(1074, 0, 2, 0, 26, 4, 12, 26, 'J2'),
(1075, 0, 3, 0, 14, 6, 12, 21, 'celá'),
(1076, 0, 4, 0, 23, 28, 12, 2, 'celá'),
(1077, 0, 5, 0, 26, 4, 12, 26, 'J1'),
(1078, 0, 6, 0, 34, 23, 12, 8, 'J2'),
(1079, 0, 7, 0, 3, 3, 12, 3, 'J1'),
(1080, 0, 7, 0, 34, 23, 12, 8, 'J2'),
(1081, 0, 8, 0, 5, 43, 12, 10, 'celá'),
(1082, 1, 1, 0, 23, 5, 12, 21, 'celá'),
(1083, 1, 2, 0, 1, 43, 12, 10, 'celá'),
(1084, 1, 3, 0, 26, 4, 12, 26, 'J1'),
(1085, 1, 3, 0, 3, 3, 12, 3, 'J2'),
(1086, 1, 4, 0, 14, 6, 12, 21, 'celá'),
(1087, 1, 5, 0, 18, 7, 12, 14, 'celá'),
(1088, 1, 7, 0, 35, 38, 12, 38, 'L1'),
(1089, 1, 7, 0, 31, 38, 12, 39, 'L3'),
(1090, 1, 8, 0, 31, 38, 12, 39, 'L1'),
(1091, 1, 8, 0, 35, 38, 12, 38, 'L2'),
(1092, 1, 9, 0, 31, 38, 12, 39, 'L2'),
(1093, 1, 9, 0, 35, 38, 12, 38, 'L3'),
(1094, 2, 1, 0, 15, 12, 12, 11, 'celá'),
(1095, 2, 2, 0, 15, 12, 12, 11, 'celá'),
(1096, 2, 3, 0, 23, 29, 12, 2, 'celá'),
(1097, 2, 4, 0, 23, 28, 12, 2, 'celá'),
(1098, 2, 5, 0, 37, 45, 12, 42, 'J1'),
(1099, 2, 5, 0, 33, 27, 12, 40, 'J2'),
(1100, 2, 6, 0, 37, 45, 12, 42, 'J1'),
(1101, 2, 6, 0, 33, 27, 12, 40, 'J2'),
(1102, 2, 8, 0, 11, 1, 12, 51, 'celá'),
(1103, 2, 9, 0, 18, 7, 12, 14, 'celá'),
(1104, 3, 1, 0, 33, 27, 12, 40, 'J1'),
(1105, 3, 1, 0, 37, 45, 12, 42, 'J2'),
(1106, 3, 2, 0, 33, 27, 12, 40, 'J1'),
(1107, 3, 2, 0, 37, 45, 12, 42, 'J2'),
(1108, 3, 3, 0, 26, 4, 12, 26, 'J1'),
(1109, 3, 3, 0, 40, 4, 12, 48, 'J2'),
(1110, 3, 4, 0, 26, 4, 12, 26, 'J1'),
(1111, 3, 4, 0, 40, 4, 12, 48, 'J2'),
(1112, 3, 5, 0, 11, 1, 12, 51, 'celá'),
(1113, 3, 7, 0, 33, 38, 12, 38, 'L1'),
(1114, 3, 7, 0, 31, 28, 12, 50, 'L3'),
(1115, 3, 8, 0, 31, 28, 12, 50, 'L1'),
(1116, 3, 8, 0, 33, 38, 12, 38, 'L2'),
(1117, 3, 9, 0, 31, 28, 12, 50, 'L2'),
(1118, 3, 9, 0, 33, 38, 12, 38, 'L3'),
(1119, 4, 1, 0, 3, 3, 12, 3, 'J1'),
(1120, 4, 1, 0, 26, 4, 12, 26, 'J2'),
(1121, 4, 2, 0, 7, 43, 12, 10, 'celá'),
(1122, 4, 3, 0, 29, 28, 12, 2, 'celá'),
(1123, 4, 4, 0, 11, 29, 12, 2, 'celá'),
(1124, 4, 5, 0, 14, 6, 12, 21, 'celá'),
(1125, 4, 6, 0, 18, 7, 12, 14, 'celá'),
(1126, 0, 1, 1, 34, 23, 12, 8, 'J1'),
(1127, 0, 1, 1, 3, 3, 12, 3, 'J2'),
(1128, 0, 2, 1, 34, 23, 12, 8, 'J1'),
(1129, 0, 2, 1, 26, 4, 12, 26, 'J2'),
(1130, 0, 3, 1, 14, 6, 12, 21, 'celá'),
(1131, 0, 4, 1, 23, 28, 12, 2, 'celá'),
(1132, 0, 6, 1, 26, 4, 12, 26, 'J1'),
(1133, 0, 6, 1, 34, 23, 12, 8, 'J2'),
(1134, 0, 7, 1, 3, 3, 12, 3, 'J1'),
(1135, 0, 7, 1, 34, 23, 12, 8, 'J2'),
(1136, 0, 8, 1, 5, 43, 12, 10, 'celá'),
(1137, 1, 1, 1, 23, 5, 12, 21, 'celá'),
(1138, 1, 2, 1, 1, 43, 12, 10, 'celá'),
(1139, 1, 3, 1, 26, 4, 12, 26, 'J1'),
(1140, 1, 3, 1, 3, 3, 12, 3, 'J2'),
(1141, 1, 4, 1, 14, 6, 12, 21, 'celá'),
(1142, 1, 5, 1, 18, 7, 12, 14, 'celá'),
(1143, 1, 7, 1, 35, 38, 12, 38, 'L1'),
(1144, 1, 7, 1, 31, 38, 12, 39, 'L3'),
(1145, 1, 8, 1, 31, 38, 12, 39, 'L1'),
(1146, 1, 8, 1, 35, 38, 12, 38, 'L2'),
(1147, 1, 9, 1, 31, 38, 12, 39, 'L2'),
(1148, 1, 9, 1, 35, 38, 12, 38, 'L3'),
(1149, 2, 1, 1, 15, 12, 12, 11, 'celá'),
(1150, 2, 2, 1, 15, 12, 12, 11, 'celá'),
(1151, 2, 3, 1, 23, 29, 12, 2, 'celá'),
(1152, 2, 4, 1, 23, 28, 12, 2, 'celá'),
(1153, 2, 5, 1, 37, 45, 12, 42, 'J1'),
(1154, 2, 5, 1, 33, 27, 12, 40, 'J2'),
(1155, 2, 6, 1, 37, 45, 12, 42, 'J1'),
(1156, 2, 6, 1, 33, 27, 12, 40, 'J2'),
(1157, 2, 8, 1, 11, 1, 12, 51, 'celá'),
(1158, 2, 9, 1, 18, 7, 12, 14, 'celá'),
(1159, 3, 1, 1, 33, 27, 12, 40, 'J1'),
(1160, 3, 1, 1, 37, 45, 12, 42, 'J2'),
(1161, 3, 2, 1, 33, 27, 12, 40, 'J1'),
(1162, 3, 2, 1, 37, 45, 12, 42, 'J2'),
(1163, 3, 3, 1, 40, 4, 12, 48, 'J1'),
(1164, 3, 3, 1, 26, 4, 12, 26, 'J2'),
(1165, 3, 4, 1, 40, 4, 12, 48, 'J1'),
(1166, 3, 4, 1, 26, 4, 12, 26, 'J2'),
(1167, 3, 5, 1, 11, 1, 12, 51, 'celá'),
(1168, 3, 7, 1, 33, 38, 12, 38, 'L1'),
(1169, 3, 7, 1, 31, 28, 12, 50, 'L3'),
(1170, 3, 8, 1, 31, 28, 12, 50, 'L1'),
(1171, 3, 8, 1, 33, 38, 12, 38, 'L2'),
(1172, 3, 9, 1, 31, 28, 12, 50, 'L2'),
(1173, 3, 9, 1, 33, 38, 12, 38, 'L3'),
(1174, 4, 1, 1, 3, 3, 12, 3, 'J1'),
(1175, 4, 1, 1, 26, 4, 12, 26, 'J2'),
(1176, 4, 2, 1, 7, 43, 12, 10, 'celá'),
(1177, 4, 3, 1, 29, 28, 12, 2, 'celá'),
(1178, 4, 4, 1, 11, 29, 12, 2, 'celá'),
(1179, 4, 5, 1, 14, 6, 12, 21, 'celá'),
(1180, 4, 6, 1, 18, 7, 12, 14, 'celá'),
(1181, 0, 2, 0, 23, 43, 13, 28, 'celá'),
(1182, 0, 3, 0, 23, 43, 13, 28, 'celá'),
(1183, 0, 4, 0, 6, 6, 13, 6, 'celá'),
(1184, 0, 5, 0, 20, 4, 13, 15, 'celá'),
(1185, 0, 7, 0, 24, 46, 13, 45, 'celá'),
(1186, 0, 8, 0, 6, 5, 13, 6, 'celá'),
(1187, 1, 1, 0, 17, 47, 13, 52, 'J1'),
(1188, 1, 1, 0, 22, 48, 13, 36, 'J2'),
(1189, 1, 2, 0, 17, 47, 13, 52, 'J1'),
(1190, 1, 2, 0, 22, 48, 13, 36, 'J2'),
(1191, 1, 3, 0, 17, 48, 13, 52, 'J1'),
(1192, 1, 3, 0, 22, 48, 13, 36, 'J2'),
(1193, 1, 4, 0, 5, 7, 13, 17, 'celá'),
(1194, 1, 5, 0, 26, 3, 13, 28, 'celá'),
(1195, 1, 7, 0, 27, 49, 13, 36, 'J1'),
(1196, 1, 7, 0, 17, 48, 13, 52, 'J2'),
(1197, 1, 8, 0, 27, 49, 13, 36, 'J1'),
(1198, 1, 8, 0, 17, 47, 13, 52, 'J2'),
(1199, 1, 9, 0, 27, 49, 13, 36, 'J1'),
(1200, 1, 9, 0, 17, 47, 13, 52, 'J2'),
(1201, 2, 1, 0, 5, 7, 13, 17, 'celá'),
(1202, 2, 2, 0, 29, 50, 13, 42, 'celá'),
(1203, 2, 3, 0, 24, 46, 13, 45, 'celá'),
(1204, 2, 4, 0, 17, 47, 13, 52, 'J1'),
(1205, 2, 4, 0, 27, 49, 13, 36, 'J2'),
(1206, 2, 5, 0, 17, 47, 13, 52, 'J1'),
(1207, 2, 5, 0, 27, 49, 13, 36, 'J2'),
(1208, 2, 6, 0, 27, 49, 13, 36, 'J2'),
(1209, 2, 7, 0, 22, 48, 13, 36, 'J1'),
(1210, 2, 8, 0, 22, 48, 13, 36, 'J1'),
(1211, 2, 8, 0, 17, 47, 13, 52, 'J2'),
(1212, 2, 9, 0, 22, 48, 13, 36, 'J1'),
(1213, 2, 9, 0, 17, 47, 13, 52, 'J2'),
(1214, 3, 1, 0, 20, 4, 13, 15, 'celá'),
(1215, 3, 2, 0, 20, 4, 13, 15, 'celá'),
(1216, 3, 3, 0, 7, 43, 13, 28, 'celá'),
(1217, 3, 4, 0, 6, 6, 13, 6, 'celá'),
(1218, 3, 6, 0, 24, 47, 13, 52, 'celá'),
(1219, 3, 7, 0, 29, 50, 13, 42, 'celá'),
(1220, 3, 8, 0, 17, 48, 13, 52, 'J2'),
(1221, 3, 9, 0, 17, 48, 13, 52, 'J2'),
(1222, 4, 1, 0, 15, 12, 13, 25, 'celá'),
(1223, 4, 2, 0, 15, 12, 13, 25, 'celá'),
(1224, 4, 3, 0, 20, 4, 13, 15, 'celá'),
(1225, 4, 4, 0, 28, 3, 13, 28, 'celá'),
(1226, 4, 5, 0, 6, 6, 13, 6, 'celá'),
(1227, 4, 6, 0, 5, 7, 13, 17, 'celá'),
(1228, 0, 2, 1, 23, 43, 13, 28, 'celá'),
(1229, 0, 3, 1, 23, 43, 13, 28, 'celá'),
(1230, 0, 4, 1, 6, 6, 13, 6, 'celá'),
(1231, 0, 5, 1, 20, 4, 13, 15, 'celá'),
(1232, 0, 7, 1, 24, 46, 13, 45, 'celá'),
(1233, 0, 8, 1, 6, 5, 13, 6, 'celá'),
(1234, 1, 1, 1, 17, 47, 13, 52, 'J1'),
(1235, 1, 1, 1, 22, 48, 13, 36, 'J2'),
(1236, 1, 2, 1, 17, 47, 13, 52, 'J1'),
(1237, 1, 2, 1, 22, 48, 13, 36, 'J2'),
(1238, 1, 3, 1, 17, 48, 13, 52, 'J1'),
(1239, 1, 3, 1, 22, 48, 13, 36, 'J2'),
(1240, 1, 4, 1, 5, 7, 13, 17, 'celá'),
(1241, 1, 5, 1, 26, 3, 13, 28, 'celá'),
(1242, 1, 7, 1, 27, 49, 13, 36, 'J1'),
(1243, 1, 7, 1, 17, 48, 13, 52, 'J2'),
(1244, 1, 8, 1, 27, 49, 13, 36, 'J1'),
(1245, 1, 8, 1, 17, 47, 13, 52, 'J2'),
(1246, 1, 9, 1, 27, 49, 13, 36, 'J1'),
(1247, 1, 9, 1, 17, 47, 13, 52, 'J2'),
(1248, 2, 1, 1, 5, 7, 13, 17, 'celá'),
(1249, 2, 2, 1, 29, 50, 13, 42, 'celá'),
(1250, 2, 3, 1, 24, 46, 13, 45, 'celá'),
(1251, 2, 4, 1, 17, 47, 13, 52, 'J1'),
(1252, 2, 4, 1, 27, 49, 13, 36, 'J2'),
(1253, 2, 5, 1, 17, 47, 13, 52, 'J1'),
(1254, 2, 5, 1, 27, 49, 13, 36, 'J2'),
(1255, 2, 6, 1, 27, 49, 13, 36, 'J2'),
(1256, 2, 7, 1, 22, 48, 13, 36, 'J1'),
(1257, 2, 8, 1, 22, 48, 13, 36, 'J1'),
(1258, 2, 8, 1, 17, 47, 13, 52, 'J2'),
(1259, 2, 9, 1, 22, 48, 13, 36, 'J1'),
(1260, 2, 9, 1, 17, 47, 13, 52, 'J2'),
(1261, 3, 1, 1, 40, 4, 13, 48, 'celá'),
(1262, 3, 2, 1, 40, 4, 13, 48, 'celá'),
(1263, 3, 3, 1, 7, 43, 13, 28, 'celá'),
(1264, 3, 4, 1, 6, 6, 13, 6, 'celá'),
(1265, 3, 6, 1, 24, 47, 13, 52, 'celá'),
(1266, 3, 7, 1, 29, 50, 13, 42, 'celá'),
(1267, 3, 8, 1, 17, 48, 13, 52, 'J1'),
(1268, 3, 9, 1, 17, 48, 13, 52, 'J1'),
(1269, 4, 1, 1, 15, 12, 13, 25, 'celá'),
(1270, 4, 2, 1, 15, 12, 13, 25, 'celá'),
(1271, 4, 3, 1, 20, 4, 13, 15, 'celá'),
(1272, 4, 4, 1, 28, 3, 13, 28, 'celá'),
(1273, 4, 5, 1, 6, 6, 13, 6, 'celá'),
(1274, 4, 6, 1, 5, 7, 13, 17, 'celá'),
(1275, 0, 1, 0, 4, 3, 14, 22, 'celá'),
(1276, 0, 2, 0, 29, 51, 14, 44, 'celá'),
(1277, 0, 3, 0, 21, 52, 14, 44, 's1'),
(1278, 0, 3, 0, 37, 48, 14, 46, 's2'),
(1279, 0, 4, 0, 21, 52, 14, 44, 's1'),
(1280, 0, 4, 0, 37, 48, 14, 46, 's2'),
(1281, 0, 5, 0, 14, 43, 14, 10, 'celá'),
(1282, 0, 6, 0, 3, 4, 14, 37, 'celá'),
(1283, 0, 8, 0, 37, 51, 14, 44, 's2'),
(1284, 0, 9, 0, 37, 51, 14, 44, 's2'),
(1285, 1, 1, 0, 3, 3, 14, 22, 'celá'),
(1286, 1, 2, 0, 18, 7, 14, 14, 'celá'),
(1287, 1, 3, 0, 24, 53, 14, 42, 'celá'),
(1288, 1, 4, 0, 24, 53, 14, 42, 'celá'),
(1289, 1, 5, 0, 14, 6, 14, 13, 'celá'),
(1290, 1, 6, 0, 1, 43, 14, 10, 'celá'),
(1291, 2, 1, 0, 16, 34, 14, 45, 'celá'),
(1292, 2, 2, 0, 16, 34, 14, 45, 'celá'),
(1293, 2, 3, 0, 9, 23, 14, 20, 's1'),
(1294, 2, 3, 0, 37, 48, 14, 46, 's2'),
(1295, 2, 4, 0, 9, 23, 14, 20, 's1'),
(1296, 2, 4, 0, 37, 48, 14, 46, 's2'),
(1297, 2, 5, 0, 18, 7, 14, 14, 'celá'),
(1298, 2, 6, 0, 18, 43, 14, 10, 'celá'),
(1299, 2, 8, 0, 15, 12, 14, 11, 'celá'),
(1300, 2, 9, 0, 15, 12, 14, 11, 'celá'),
(1301, 3, 1, 0, 40, 4, 14, 48, 'celá'),
(1302, 3, 2, 0, 40, 4, 14, 48, 'celá'),
(1303, 3, 3, 0, 16, 34, 14, 45, 'celá'),
(1304, 3, 4, 0, 16, 34, 14, 45, 'celá'),
(1305, 3, 6, 0, 37, 48, 14, 45, 's1'),
(1306, 3, 6, 0, 9, 23, 14, 20, 's2'),
(1307, 3, 7, 0, 37, 48, 14, 45, 's1'),
(1308, 3, 7, 0, 9, 23, 14, 20, 's2'),
(1309, 3, 8, 0, 6, 6, 14, 13, 'celá'),
(1310, 3, 9, 0, 24, 51, 14, 44, 'celá'),
(1311, 4, 1, 0, 25, 48, 14, 45, 's1'),
(1312, 4, 1, 0, 21, 52, 14, 44, 's2'),
(1313, 4, 2, 0, 25, 48, 14, 45, 's1'),
(1314, 4, 2, 0, 21, 52, 14, 44, 's2'),
(1315, 4, 3, 0, 3, 6, 14, 13, 'celá'),
(1316, 4, 4, 0, 4, 4, 14, 37, 'celá'),
(1317, 4, 5, 0, 18, 7, 14, 14, 'celá'),
(1318, 4, 6, 0, 6, 5, 14, 21, 'celá'),
(1319, 0, 1, 1, 4, 3, 14, 22, 'celá'),
(1320, 0, 2, 1, 29, 51, 14, 44, 'celá'),
(1321, 0, 3, 1, 21, 52, 14, 44, 's1'),
(1322, 0, 3, 1, 37, 48, 14, 46, 's2'),
(1323, 0, 4, 1, 21, 52, 14, 44, 's1'),
(1324, 0, 4, 1, 37, 48, 14, 46, 's2'),
(1325, 0, 5, 1, 14, 43, 14, 10, 'celá'),
(1326, 0, 6, 1, 3, 4, 14, 37, 'celá'),
(1327, 0, 8, 1, 37, 51, 14, 44, 's1'),
(1328, 0, 9, 1, 37, 51, 14, 44, 's1'),
(1329, 1, 1, 1, 3, 3, 14, 22, 'celá'),
(1330, 1, 2, 1, 18, 7, 14, 14, 'celá'),
(1331, 1, 3, 1, 24, 53, 14, 42, 'celá'),
(1332, 1, 4, 1, 24, 53, 14, 42, 'celá'),
(1333, 1, 5, 1, 14, 6, 14, 13, 'celá'),
(1334, 1, 6, 1, 1, 43, 14, 10, 'celá'),
(1335, 2, 1, 1, 16, 34, 14, 45, 'celá'),
(1336, 2, 2, 1, 16, 34, 14, 45, 'celá'),
(1337, 2, 3, 1, 9, 23, 14, 20, 's1'),
(1338, 2, 3, 1, 37, 48, 14, 46, 's2'),
(1339, 2, 4, 1, 9, 23, 14, 20, 's1'),
(1340, 2, 4, 1, 37, 48, 14, 46, 's2'),
(1341, 2, 5, 1, 18, 7, 14, 14, 'celá'),
(1342, 2, 6, 1, 18, 43, 14, 10, 'celá'),
(1343, 2, 8, 1, 15, 12, 14, 11, 'celá'),
(1344, 2, 9, 1, 15, 12, 14, 11, 'celá'),
(1345, 3, 1, 1, 13, 4, 14, 37, 'celá'),
(1346, 3, 2, 1, 20, 4, 14, 37, 'celá'),
(1347, 3, 3, 1, 16, 34, 14, 45, 'celá'),
(1348, 3, 4, 1, 16, 34, 14, 45, 'celá'),
(1349, 3, 6, 1, 37, 48, 14, 45, 's1'),
(1350, 3, 6, 1, 9, 23, 14, 20, 's2'),
(1351, 3, 7, 1, 37, 48, 14, 45, 's1'),
(1352, 3, 7, 1, 9, 23, 14, 20, 's2'),
(1353, 3, 8, 1, 6, 6, 14, 13, 'celá'),
(1354, 3, 9, 1, 24, 51, 14, 44, 'celá'),
(1355, 4, 1, 1, 25, 48, 14, 45, 's1'),
(1356, 4, 1, 1, 21, 52, 14, 44, 's2'),
(1357, 4, 2, 1, 25, 48, 14, 45, 's1'),
(1358, 4, 2, 1, 21, 52, 14, 44, 's2'),
(1359, 4, 3, 1, 3, 6, 14, 13, 'celá'),
(1360, 4, 4, 1, 4, 4, 14, 37, 'celá'),
(1361, 4, 5, 1, 18, 7, 14, 14, 'celá'),
(1362, 4, 6, 1, 6, 5, 14, 21, 'celá'),
(1363, 0, 1, 0, 12, 4, 15, 37, 'J1'),
(1364, 0, 1, 0, 40, 4, 15, 48, 'J2'),
(1365, 0, 2, 0, 12, 4, 15, 37, 'J1'),
(1366, 0, 2, 0, 40, 4, 15, 48, 'J2'),
(1367, 0, 3, 0, 38, 54, 15, 53, 'Aero'),
(1368, 0, 3, 0, 38, 55, 15, 53, 'Au2'),
(1369, 0, 3, 0, 41, 40, 15, 32, 'J1'),
(1370, 0, 4, 0, 38, 54, 15, 53, 'Aero'),
(1371, 0, 4, 0, 38, 55, 15, 53, 'Au2'),
(1372, 0, 4, 0, 41, 40, 15, 32, 'J1'),
(1373, 0, 5, 0, 18, 7, 15, 14, 'celá'),
(1374, 0, 6, 0, 18, 7, 15, 14, 'celá'),
(1375, 0, 8, 0, 30, 40, 15, 32, 'celá'),
(1376, 1, 1, 0, 28, 6, 15, 30, 'celá'),
(1377, 1, 2, 0, 19, 19, 15, 29, 'celá'),
(1378, 1, 3, 0, 19, 19, 15, 29, 'celá'),
(1379, 1, 4, 0, 30, 43, 15, 10, 'celá'),
(1380, 1, 5, 0, 19, 56, 15, 31, 'Auto'),
(1381, 1, 6, 0, 30, 57, 15, 54, 'Aero'),
(1382, 1, 6, 0, 19, 56, 15, 31, 'Auto'),
(1383, 1, 7, 0, 30, 57, 15, 54, 'Aero'),
(1384, 1, 8, 0, 28, 3, 15, 27, 'J1'),
(1385, 1, 8, 0, 10, 40, 15, 32, 'J2'),
(1386, 1, 9, 0, 10, 40, 15, 32, 'J2'),
(1387, 2, 1, 0, 4, 3, 15, 27, 'J1'),
(1388, 2, 1, 0, 41, 19, 15, 29, 'J2'),
(1389, 2, 2, 0, 3, 4, 15, 37, 'J1'),
(1390, 2, 2, 0, 41, 19, 15, 29, 'J2'),
(1391, 2, 3, 0, 15, 12, 15, 11, 'celá'),
(1392, 2, 4, 0, 15, 12, 15, 11, 'celá'),
(1393, 2, 6, 0, 41, 38, 15, 47, 'J1'),
(1394, 2, 6, 0, 3, 4, 15, 37, 'J2'),
(1395, 2, 7, 0, 41, 38, 15, 47, 'J1'),
(1396, 2, 7, 0, 28, 3, 15, 27, 'J2'),
(1397, 2, 8, 0, 18, 7, 15, 14, 'celá'),
(1398, 2, 9, 0, 30, 40, 15, 32, 'celá'),
(1399, 3, 1, 0, 7, 6, 15, 30, 'celá'),
(1400, 3, 2, 0, 23, 58, 15, 51, 'celá'),
(1401, 3, 3, 0, 38, 55, 15, 53, 'Au1'),
(1402, 3, 3, 0, 12, 3, 15, 27, 'J2'),
(1403, 3, 4, 0, 38, 55, 15, 53, 'Au1'),
(1404, 3, 4, 0, 12, 4, 15, 37, 'J2');
INSERT INTO `lesson` (`id`, `day`, `hour`, `week`, `room_id`, `subject_id`, `grade_id`, `teacher_id`, `group`) VALUES
(1405, 3, 5, 0, 1, 43, 15, 10, 'celá'),
(1406, 3, 7, 0, 36, 58, 15, 53, 'L1'),
(1407, 3, 7, 0, 32, 38, 15, 55, 'L2'),
(1408, 3, 8, 0, 36, 58, 15, 53, 'L2'),
(1409, 3, 8, 0, 32, 38, 15, 55, 'L3'),
(1410, 3, 9, 0, 32, 38, 15, 55, 'L1'),
(1411, 3, 9, 0, 36, 58, 15, 53, 'L3'),
(1412, 4, 1, 0, 38, 19, 15, 29, 'J1'),
(1413, 4, 1, 0, 41, 38, 15, 47, 'J2'),
(1414, 4, 2, 0, 38, 19, 15, 29, 'J1'),
(1415, 4, 2, 0, 41, 38, 15, 47, 'J2'),
(1416, 4, 3, 0, 28, 6, 15, 30, 'celá'),
(1417, 4, 4, 0, 23, 43, 15, 10, 'celá'),
(1418, 4, 5, 0, 7, 5, 15, 30, 'celá'),
(1419, 4, 6, 0, 4, 4, 15, 37, 'J1'),
(1420, 0, 1, 1, 40, 4, 15, 48, 'J1'),
(1421, 0, 1, 1, 12, 4, 15, 37, 'J2'),
(1422, 0, 2, 1, 40, 4, 15, 48, 'J1'),
(1423, 0, 2, 1, 12, 4, 15, 37, 'J2'),
(1424, 0, 3, 1, 38, 54, 15, 53, 'Aero'),
(1425, 0, 3, 1, 38, 55, 15, 53, 'Au2'),
(1426, 0, 3, 1, 41, 40, 15, 32, 'J1'),
(1427, 0, 4, 1, 38, 54, 15, 53, 'Aero'),
(1428, 0, 4, 1, 38, 55, 15, 53, 'Au2'),
(1429, 0, 4, 1, 41, 40, 15, 32, 'J1'),
(1430, 0, 5, 1, 18, 7, 15, 14, 'celá'),
(1431, 0, 6, 1, 18, 7, 15, 14, 'celá'),
(1432, 0, 8, 1, 30, 40, 15, 32, 'celá'),
(1433, 1, 1, 1, 28, 6, 15, 30, 'celá'),
(1434, 1, 2, 1, 19, 19, 15, 29, 'celá'),
(1435, 1, 3, 1, 19, 19, 15, 29, 'celá'),
(1436, 1, 4, 1, 30, 43, 15, 10, 'celá'),
(1437, 1, 5, 1, 19, 56, 15, 31, 'Auto'),
(1438, 1, 6, 1, 30, 57, 15, 54, 'Aero'),
(1439, 1, 6, 1, 19, 56, 15, 31, 'Auto'),
(1440, 1, 7, 1, 30, 57, 15, 54, 'Aero'),
(1441, 1, 8, 1, 28, 3, 15, 27, 'J1'),
(1442, 1, 8, 1, 10, 40, 15, 32, 'J2'),
(1443, 1, 9, 1, 10, 40, 15, 32, 'J2'),
(1444, 2, 1, 1, 4, 3, 15, 27, 'J1'),
(1445, 2, 1, 1, 41, 19, 15, 29, 'J2'),
(1446, 2, 2, 1, 3, 4, 15, 37, 'J1'),
(1447, 2, 2, 1, 41, 19, 15, 29, 'J2'),
(1448, 2, 3, 1, 15, 12, 15, 11, 'celá'),
(1449, 2, 4, 1, 15, 12, 15, 11, 'celá'),
(1450, 2, 6, 1, 41, 38, 15, 47, 'J1'),
(1451, 2, 6, 1, 3, 4, 15, 37, 'J2'),
(1452, 2, 7, 1, 41, 38, 15, 47, 'J1'),
(1453, 2, 7, 1, 28, 3, 15, 27, 'J2'),
(1454, 2, 8, 1, 18, 7, 15, 14, 'celá'),
(1455, 2, 9, 1, 30, 40, 15, 32, 'celá'),
(1456, 3, 1, 1, 7, 6, 15, 30, 'celá'),
(1457, 3, 2, 1, 23, 58, 15, 51, 'celá'),
(1458, 3, 3, 1, 38, 55, 15, 53, 'Au1'),
(1459, 3, 3, 1, 12, 3, 15, 27, 'J2'),
(1460, 3, 4, 1, 38, 55, 15, 53, 'Au1'),
(1461, 3, 4, 1, 12, 4, 15, 37, 'J2'),
(1462, 3, 5, 1, 1, 43, 15, 10, 'celá'),
(1463, 3, 7, 1, 36, 58, 15, 53, 'L1'),
(1464, 3, 7, 1, 32, 38, 15, 55, 'L2'),
(1465, 3, 8, 1, 36, 58, 15, 53, 'L2'),
(1466, 3, 8, 1, 32, 38, 15, 55, 'L3'),
(1467, 3, 9, 1, 32, 38, 15, 55, 'L1'),
(1468, 3, 9, 1, 36, 58, 15, 53, 'L3'),
(1469, 4, 1, 1, 38, 19, 15, 29, 'J1'),
(1470, 4, 1, 1, 41, 38, 15, 47, 'J2'),
(1471, 4, 2, 1, 38, 19, 15, 29, 'J1'),
(1472, 4, 2, 1, 41, 38, 15, 47, 'J2'),
(1473, 4, 3, 1, 28, 6, 15, 30, 'celá'),
(1474, 4, 4, 1, 23, 43, 15, 10, 'celá'),
(1475, 4, 5, 1, 7, 5, 15, 30, 'celá'),
(1476, 4, 6, 1, 4, 4, 15, 37, 'J1'),
(1477, 0, 1, 0, 11, 44, 16, 2, 'celá'),
(1478, 0, 2, 0, 39, 59, 16, 47, 'J1'),
(1479, 0, 2, 0, 28, 3, 16, 22, 'J2'),
(1480, 0, 3, 0, 39, 59, 16, 47, 'J1'),
(1481, 0, 3, 0, 26, 4, 16, 26, 'J2'),
(1482, 0, 4, 0, 7, 7, 16, 7, 'celá'),
(1483, 0, 5, 0, 7, 7, 16, 7, 'celá'),
(1484, 0, 6, 0, 14, 5, 16, 13, 'celá'),
(1485, 0, 8, 0, 1, 1, 16, 1, 'celá'),
(1486, 0, 9, 0, 1, 1, 16, 1, 'celá'),
(1487, 1, 1, 0, 14, 6, 16, 13, 'celá'),
(1488, 1, 2, 0, 26, 4, 16, 26, 'J1'),
(1489, 1, 2, 0, 41, 38, 16, 47, 'S2'),
(1490, 1, 3, 0, 1, 6, 16, 13, 'S1'),
(1491, 1, 3, 0, 41, 38, 16, 47, 'S2'),
(1492, 1, 4, 0, 26, 60, 16, 26, 'Aj'),
(1493, 1, 5, 0, 4, 60, 16, 27, 'Nj'),
(1494, 1, 6, 0, 7, 7, 16, 7, 'celá'),
(1495, 1, 7, 0, 36, 38, 16, 41, 'L3'),
(1496, 1, 8, 0, 36, 38, 16, 41, 'L1'),
(1497, 1, 9, 0, 36, 38, 16, 41, 'L2'),
(1498, 2, 1, 0, 30, 44, 16, 2, 'celá'),
(1499, 2, 2, 0, 34, 23, 16, 56, ''),
(1500, 2, 2, 0, 39, 59, 16, 47, 'J2'),
(1501, 2, 3, 0, 34, 23, 16, 56, ''),
(1502, 2, 3, 0, 39, 59, 16, 47, 'J2'),
(1503, 2, 4, 0, 26, 4, 16, 26, 'J1'),
(1504, 2, 4, 0, 34, 23, 16, 56, 'S2'),
(1505, 2, 5, 0, 4, 3, 16, 22, 'J1'),
(1506, 2, 5, 0, 34, 23, 16, 56, 'S2'),
(1507, 2, 6, 0, 26, 60, 16, 26, 'Aj'),
(1508, 2, 6, 0, 4, 60, 16, 27, 'Nj'),
(1509, 2, 8, 0, 7, 7, 16, 7, 'celá'),
(1510, 2, 9, 0, 1, 22, 16, 40, 'celá'),
(1511, 3, 1, 0, 14, 6, 16, 13, 'celá'),
(1512, 3, 2, 0, 12, 3, 16, 22, 'J1'),
(1513, 3, 2, 0, 26, 4, 16, 26, 'J2'),
(1514, 3, 3, 0, 33, 22, 16, 40, 'J1'),
(1515, 3, 3, 0, 14, 6, 16, 13, 'S2'),
(1516, 3, 4, 0, 33, 22, 16, 40, 'J1'),
(1517, 3, 4, 0, 4, 3, 16, 22, 'J2'),
(1518, 3, 5, 0, 15, 12, 16, 25, 'celá'),
(1519, 3, 6, 0, 15, 12, 16, 25, 'celá'),
(1520, 4, 1, 0, 23, 24, 16, 57, 'celá'),
(1521, 4, 2, 0, 23, 24, 16, 57, 'celá'),
(1522, 4, 3, 0, 23, 24, 16, 57, 'celá'),
(1523, 4, 4, 0, 31, 24, 16, 57, 'L1'),
(1524, 4, 4, 0, 35, 38, 16, 38, 'L3'),
(1525, 4, 5, 0, 35, 38, 16, 38, 'L1'),
(1526, 4, 5, 0, 31, 24, 16, 57, 'L2'),
(1527, 4, 6, 0, 35, 38, 16, 38, 'L2'),
(1528, 4, 6, 0, 31, 24, 16, 57, 'L3'),
(1529, 0, 1, 1, 11, 44, 16, 2, 'celá'),
(1530, 0, 2, 1, 28, 3, 16, 22, 'J1'),
(1531, 0, 2, 1, 39, 59, 16, 47, 'J2'),
(1532, 0, 3, 1, 26, 4, 16, 26, 'J1'),
(1533, 0, 3, 1, 39, 59, 16, 47, 'J2'),
(1534, 0, 4, 1, 7, 7, 16, 7, 'celá'),
(1535, 0, 5, 1, 7, 7, 16, 7, 'celá'),
(1536, 0, 6, 1, 14, 5, 16, 13, 'celá'),
(1537, 0, 8, 1, 1, 1, 16, 1, 'celá'),
(1538, 0, 9, 1, 1, 1, 16, 1, 'celá'),
(1539, 1, 1, 1, 14, 6, 16, 13, 'celá'),
(1540, 1, 2, 1, 26, 4, 16, 26, 'J2'),
(1541, 1, 2, 1, 41, 38, 16, 47, 'S1'),
(1542, 1, 3, 1, 41, 38, 16, 47, 'S1'),
(1543, 1, 3, 1, 1, 6, 16, 13, 'S2'),
(1544, 1, 4, 1, 26, 60, 16, 26, 'Aj'),
(1545, 1, 5, 1, 4, 60, 16, 27, 'Nj'),
(1546, 1, 6, 1, 7, 7, 16, 7, 'celá'),
(1547, 1, 7, 1, 36, 38, 16, 41, 'L3'),
(1548, 1, 8, 1, 36, 38, 16, 41, 'L1'),
(1549, 1, 9, 1, 36, 38, 16, 41, 'L2'),
(1550, 2, 1, 1, 30, 44, 16, 2, 'celá'),
(1551, 2, 2, 1, 39, 59, 16, 47, 'J1'),
(1552, 2, 2, 1, 34, 23, 16, 56, 'S2'),
(1553, 2, 3, 1, 39, 59, 16, 47, 'J1'),
(1554, 2, 3, 1, 34, 23, 16, 56, 'S2'),
(1555, 2, 4, 1, 34, 23, 16, 56, ''),
(1556, 2, 4, 1, 26, 4, 16, 26, 'J2'),
(1557, 2, 5, 1, 34, 23, 16, 56, ''),
(1558, 2, 5, 1, 4, 3, 16, 22, 'J2'),
(1559, 2, 6, 1, 26, 60, 16, 26, 'Aj'),
(1560, 2, 6, 1, 4, 60, 16, 27, 'Nj'),
(1561, 2, 8, 1, 7, 7, 16, 7, 'celá'),
(1562, 2, 9, 1, 1, 22, 16, 40, 'celá'),
(1563, 3, 1, 1, 14, 6, 16, 13, 'celá'),
(1564, 3, 2, 1, 26, 4, 16, 26, 'J1'),
(1565, 3, 2, 1, 12, 3, 16, 22, 'J2'),
(1566, 3, 3, 1, 33, 22, 16, 40, 'J2'),
(1567, 3, 3, 1, 14, 6, 16, 13, 'S1'),
(1568, 3, 4, 1, 4, 3, 16, 22, 'J1'),
(1569, 3, 4, 1, 33, 22, 16, 40, 'J2'),
(1570, 3, 5, 1, 15, 12, 16, 25, 'celá'),
(1571, 3, 6, 1, 15, 12, 16, 25, 'celá'),
(1572, 4, 1, 1, 23, 24, 16, 57, 'celá'),
(1573, 4, 2, 1, 23, 24, 16, 57, 'celá'),
(1574, 4, 3, 1, 23, 24, 16, 57, 'celá'),
(1575, 4, 4, 1, 31, 24, 16, 57, 'L1'),
(1576, 4, 4, 1, 35, 38, 16, 38, 'L3'),
(1577, 4, 5, 1, 35, 38, 16, 38, 'L1'),
(1578, 4, 5, 1, 31, 24, 16, 57, 'L2'),
(1579, 4, 6, 1, 35, 38, 16, 38, 'L2'),
(1580, 4, 6, 1, 31, 24, 16, 57, 'L3'),
(1581, 0, 2, 0, 11, 1, 17, 12, 'celá'),
(1582, 0, 3, 0, 7, 7, 17, 7, 'celá'),
(1583, 0, 4, 0, 18, 6, 17, 13, 'celá'),
(1584, 0, 5, 0, 3, 3, 17, 3, 'celá'),
(1585, 0, 7, 0, 14, 5, 17, 13, 'celá'),
(1586, 0, 8, 0, 15, 12, 17, 11, 'celá'),
(1587, 0, 9, 0, 15, 12, 17, 11, 'celá'),
(1588, 1, 1, 0, 36, 38, 17, 41, 'S1'),
(1589, 1, 1, 0, 31, 38, 17, 23, 'S2'),
(1590, 1, 2, 0, 36, 38, 17, 41, 'S1'),
(1591, 1, 2, 0, 31, 38, 17, 23, 'S2'),
(1592, 1, 3, 0, 35, 38, 17, 38, 'S1'),
(1593, 1, 3, 0, 31, 28, 17, 39, 'S2'),
(1594, 1, 4, 0, 35, 38, 17, 38, 'S1'),
(1595, 1, 4, 0, 31, 28, 17, 39, 'S2'),
(1596, 1, 6, 0, 26, 4, 17, 26, 'celá'),
(1597, 1, 7, 0, 26, 60, 17, 26, 'celá'),
(1598, 1, 8, 0, 23, 28, 17, 50, 'celá'),
(1599, 2, 1, 0, 3, 3, 17, 3, 'celá'),
(1600, 2, 2, 0, 7, 7, 17, 7, 'celá'),
(1601, 2, 3, 0, 14, 6, 17, 13, 'celá'),
(1602, 2, 4, 0, 38, 61, 17, 39, 'celá'),
(1603, 2, 5, 0, 38, 61, 17, 39, 'celá'),
(1604, 2, 7, 0, 23, 45, 17, 51, 'celá'),
(1605, 2, 8, 0, 34, 23, 17, 56, 'celá'),
(1606, 2, 9, 0, 34, 23, 17, 56, 'celá'),
(1607, 3, 1, 0, 23, 28, 17, 50, 'celá'),
(1608, 3, 2, 0, 7, 7, 17, 7, 'celá'),
(1609, 3, 3, 0, 1, 1, 17, 12, 'celá'),
(1610, 3, 4, 0, 29, 45, 17, 51, 'celá'),
(1611, 3, 5, 0, 33, 27, 17, 40, 'celá'),
(1612, 3, 6, 0, 33, 27, 17, 40, 'celá'),
(1613, 4, 3, 0, 7, 7, 17, 7, 'celá'),
(1614, 4, 4, 0, 26, 4, 17, 26, 'celá'),
(1615, 4, 5, 0, 23, 6, 17, 13, 'celá'),
(1616, 4, 6, 0, 26, 60, 17, 26, 'celá'),
(1617, 0, 2, 1, 11, 1, 17, 12, 'celá'),
(1618, 0, 3, 1, 7, 7, 17, 7, 'celá'),
(1619, 0, 4, 1, 18, 6, 17, 13, 'celá'),
(1620, 0, 5, 1, 3, 3, 17, 3, 'celá'),
(1621, 0, 7, 1, 14, 5, 17, 13, 'celá'),
(1622, 0, 8, 1, 15, 12, 17, 11, 'celá'),
(1623, 0, 9, 1, 15, 12, 17, 11, 'celá'),
(1624, 1, 1, 1, 31, 38, 17, 23, 'S1'),
(1625, 1, 1, 1, 36, 38, 17, 41, 'S2'),
(1626, 1, 2, 1, 31, 38, 17, 23, 'S1'),
(1627, 1, 2, 1, 36, 38, 17, 41, 'S2'),
(1628, 1, 3, 1, 31, 28, 17, 39, 'S1'),
(1629, 1, 3, 1, 35, 38, 17, 38, 'S2'),
(1630, 1, 4, 1, 31, 28, 17, 39, 'S1'),
(1631, 1, 4, 1, 35, 38, 17, 38, 'S2'),
(1632, 1, 6, 1, 26, 4, 17, 26, 'celá'),
(1633, 1, 7, 1, 26, 60, 17, 26, 'celá'),
(1634, 1, 8, 1, 23, 28, 17, 50, 'celá'),
(1635, 2, 1, 1, 3, 3, 17, 3, 'celá'),
(1636, 2, 2, 1, 7, 7, 17, 7, 'celá'),
(1637, 2, 3, 1, 14, 6, 17, 13, 'celá'),
(1638, 2, 4, 1, 38, 61, 17, 39, 'celá'),
(1639, 2, 5, 1, 38, 61, 17, 39, 'celá'),
(1640, 2, 7, 1, 23, 45, 17, 51, 'celá'),
(1641, 2, 8, 1, 34, 23, 17, 56, 'celá'),
(1642, 2, 9, 1, 34, 23, 17, 56, 'celá'),
(1643, 3, 1, 1, 23, 28, 17, 50, 'celá'),
(1644, 3, 2, 1, 7, 7, 17, 7, 'celá'),
(1645, 3, 3, 1, 1, 1, 17, 12, 'celá'),
(1646, 3, 4, 1, 29, 45, 17, 51, 'celá'),
(1647, 3, 5, 1, 33, 27, 17, 40, 'celá'),
(1648, 3, 6, 1, 33, 27, 17, 40, 'celá'),
(1649, 4, 1, 1, 37, 45, 17, 42, 'celá'),
(1650, 4, 2, 1, 37, 45, 17, 42, 'celá'),
(1651, 4, 3, 1, 7, 7, 17, 7, 'celá'),
(1652, 4, 4, 1, 26, 4, 17, 26, 'celá'),
(1653, 4, 5, 1, 23, 6, 17, 13, 'celá'),
(1654, 4, 6, 1, 26, 60, 17, 26, 'celá'),
(1655, 0, 1, 0, 37, 48, 18, 46, 'celá'),
(1656, 0, 2, 0, 37, 48, 18, 46, 'celá'),
(1657, 0, 3, 0, 24, 53, 18, 42, 'celá'),
(1658, 0, 4, 0, 24, 53, 18, 42, 'celá'),
(1659, 0, 6, 0, 15, 12, 18, 11, 'celá'),
(1660, 0, 7, 0, 15, 12, 18, 11, 'celá'),
(1661, 1, 1, 0, 21, 52, 18, 44, 'celá'),
(1662, 1, 2, 0, 21, 52, 18, 44, 'celá'),
(1663, 1, 3, 0, 7, 6, 18, 30, 'celá'),
(1664, 1, 4, 0, 28, 3, 18, 22, 'celá'),
(1665, 1, 5, 0, 28, 5, 18, 30, 'celá'),
(1666, 1, 7, 0, 16, 23, 18, 45, 'celá'),
(1667, 1, 8, 0, 16, 23, 18, 45, 'celá'),
(1668, 2, 1, 0, 37, 48, 18, 46, 'celá'),
(1669, 2, 2, 0, 37, 48, 18, 46, 'celá'),
(1670, 2, 3, 0, 4, 3, 18, 22, 'celá'),
(1671, 2, 4, 0, 5, 7, 18, 17, 'celá'),
(1672, 2, 5, 0, 5, 7, 18, 17, 'celá'),
(1673, 2, 7, 0, 37, 53, 18, 42, 'celá'),
(1674, 2, 8, 0, 37, 53, 18, 42, 'celá'),
(1675, 3, 1, 0, 21, 62, 18, 44, 'celá'),
(1676, 3, 2, 0, 21, 62, 18, 44, 'celá'),
(1677, 3, 3, 0, 13, 60, 18, 24, 'celá'),
(1678, 3, 4, 0, 13, 4, 18, 24, 'celá'),
(1679, 3, 5, 0, 5, 6, 18, 30, 'S1'),
(1680, 3, 6, 0, 5, 6, 18, 30, 'S2'),
(1681, 3, 7, 0, 5, 7, 18, 17, 'celá'),
(1682, 3, 8, 0, 16, 34, 18, 45, 'celá'),
(1683, 3, 9, 0, 16, 34, 18, 45, 'celá'),
(1684, 4, 1, 0, 13, 60, 18, 24, 'celá'),
(1685, 4, 2, 0, 5, 7, 18, 17, 'celá'),
(1686, 4, 3, 0, 40, 53, 18, 42, 'celá'),
(1687, 4, 4, 0, 5, 6, 18, 30, 'celá'),
(1688, 4, 5, 0, 13, 4, 18, 24, 'celá'),
(1689, 0, 1, 1, 16, 34, 18, 45, 'celá'),
(1690, 0, 2, 1, 16, 34, 18, 45, 'celá'),
(1691, 0, 3, 1, 24, 53, 18, 42, 'celá'),
(1692, 0, 4, 1, 24, 53, 18, 42, 'celá'),
(1693, 0, 6, 1, 15, 12, 18, 11, 'celá'),
(1694, 0, 7, 1, 15, 12, 18, 11, 'celá'),
(1695, 1, 1, 1, 21, 52, 18, 44, 'celá'),
(1696, 1, 2, 1, 21, 52, 18, 44, 'celá'),
(1697, 1, 3, 1, 7, 6, 18, 30, 'celá'),
(1698, 1, 4, 1, 28, 3, 18, 22, 'celá'),
(1699, 1, 5, 1, 28, 5, 18, 30, 'celá'),
(1700, 1, 7, 1, 16, 23, 18, 45, 'celá'),
(1701, 1, 8, 1, 16, 23, 18, 45, 'celá'),
(1702, 2, 1, 1, 37, 48, 18, 46, 'celá'),
(1703, 2, 2, 1, 37, 48, 18, 46, 'celá'),
(1704, 2, 3, 1, 4, 3, 18, 22, 'celá'),
(1705, 2, 4, 1, 5, 7, 18, 17, 'celá'),
(1706, 2, 5, 1, 5, 7, 18, 17, 'celá'),
(1707, 2, 7, 1, 37, 53, 18, 42, 'celá'),
(1708, 2, 8, 1, 37, 53, 18, 42, 'celá'),
(1709, 3, 1, 1, 21, 62, 18, 44, 'celá'),
(1710, 3, 2, 1, 21, 62, 18, 44, 'celá'),
(1711, 3, 3, 1, 13, 60, 18, 24, 'celá'),
(1712, 3, 4, 1, 13, 4, 18, 24, 'celá'),
(1713, 3, 5, 1, 5, 6, 18, 30, 'S1'),
(1714, 3, 6, 1, 5, 6, 18, 30, 'S2'),
(1715, 3, 7, 1, 5, 7, 18, 17, 'celá'),
(1716, 3, 8, 1, 16, 34, 18, 45, 'celá'),
(1717, 3, 9, 1, 16, 34, 18, 45, 'celá'),
(1718, 4, 1, 1, 13, 60, 18, 24, 'celá'),
(1719, 4, 2, 1, 5, 7, 18, 17, 'celá'),
(1720, 4, 3, 1, 40, 53, 18, 42, 'celá'),
(1721, 4, 4, 1, 5, 6, 18, 30, 'celá'),
(1722, 4, 5, 1, 13, 4, 18, 24, 'celá'),
(1723, 0, 1, 0, 14, 6, 19, 13, 'celá'),
(1724, 0, 2, 0, 13, 4, 19, 24, 'J1'),
(1725, 0, 2, 0, 14, 6, 19, 13, 'S2'),
(1726, 0, 3, 0, 5, 7, 19, 17, 'celá'),
(1727, 0, 4, 0, 5, 7, 19, 17, 'celá'),
(1728, 0, 6, 0, 21, 63, 19, 44, 'S1'),
(1729, 0, 6, 0, 27, 49, 19, 36, 'S2'),
(1730, 0, 7, 0, 21, 63, 19, 44, 'S1'),
(1731, 0, 7, 0, 27, 49, 19, 36, 'S2'),
(1732, 1, 1, 0, 13, 60, 19, 24, 'J2'),
(1733, 1, 1, 0, 37, 48, 19, 45, 'S1'),
(1734, 1, 2, 0, 13, 60, 19, 24, 'J2'),
(1735, 1, 2, 0, 37, 48, 19, 45, 'S1'),
(1736, 1, 3, 0, 42, 48, 19, 19, 'S1'),
(1737, 1, 3, 0, 37, 48, 19, 45, 'S2'),
(1738, 1, 4, 0, 42, 48, 19, 19, 'S1'),
(1739, 1, 4, 0, 37, 48, 19, 45, 'S2'),
(1740, 1, 5, 0, 5, 7, 19, 17, 'celá'),
(1741, 1, 7, 0, 6, 5, 19, 5, 'celá'),
(1742, 1, 8, 0, 3, 3, 19, 3, 'J2'),
(1743, 1, 8, 0, 6, 6, 19, 13, 'S1'),
(1744, 1, 9, 0, 24, 47, 19, 19, 'celá'),
(1745, 2, 1, 0, 25, 46, 19, 20, 'S1'),
(1746, 2, 1, 0, 17, 47, 19, 52, 'S2'),
(1747, 2, 2, 0, 25, 46, 19, 20, 'S1'),
(1748, 2, 2, 0, 17, 47, 19, 52, 'S2'),
(1749, 2, 3, 0, 13, 4, 19, 24, 'J1'),
(1750, 2, 3, 0, 3, 3, 19, 3, 'J2'),
(1751, 2, 4, 0, 3, 3, 19, 3, 'J1'),
(1752, 2, 4, 0, 13, 4, 19, 24, 'J2'),
(1753, 2, 6, 0, 15, 12, 19, 11, 'celá'),
(1754, 2, 7, 0, 15, 12, 19, 11, 'celá'),
(1755, 3, 1, 0, 17, 47, 19, 52, 'S1'),
(1756, 3, 1, 0, 25, 46, 19, 20, 'S2'),
(1757, 3, 2, 0, 17, 47, 19, 52, 'S1'),
(1758, 3, 2, 0, 25, 46, 19, 20, 'S2'),
(1759, 3, 3, 0, 25, 46, 19, 20, 'S1'),
(1760, 3, 3, 0, 17, 47, 19, 52, 'S2'),
(1761, 3, 4, 0, 25, 46, 19, 20, 'S1'),
(1762, 3, 4, 0, 17, 47, 19, 52, 'S2'),
(1763, 3, 6, 0, 27, 49, 19, 36, 'S1'),
(1764, 3, 6, 0, 21, 63, 19, 44, 'S2'),
(1765, 3, 7, 0, 27, 49, 19, 36, 'S1'),
(1766, 3, 7, 0, 21, 63, 19, 44, 'S2'),
(1767, 3, 8, 0, 29, 50, 19, 42, 'celá'),
(1768, 3, 9, 0, 29, 50, 19, 42, 'celá'),
(1769, 4, 1, 0, 14, 6, 19, 13, 'celá'),
(1770, 4, 2, 0, 3, 3, 19, 3, 'J1'),
(1771, 4, 2, 0, 13, 4, 19, 24, 'J2'),
(1772, 4, 3, 0, 13, 60, 19, 24, 'J1'),
(1773, 4, 3, 0, 42, 48, 19, 19, 'S2'),
(1774, 4, 4, 0, 13, 60, 19, 24, 'J1'),
(1775, 4, 4, 0, 42, 48, 19, 19, 'S2'),
(1776, 4, 5, 0, 5, 7, 19, 17, 'celá'),
(1777, 0, 1, 1, 14, 6, 19, 13, 'celá'),
(1778, 0, 2, 1, 13, 4, 19, 24, 'J1'),
(1779, 0, 2, 1, 14, 6, 19, 13, 'S2'),
(1780, 0, 3, 1, 5, 7, 19, 17, 'celá'),
(1781, 0, 4, 1, 5, 7, 19, 17, 'celá'),
(1782, 0, 6, 1, 21, 63, 19, 44, 'S1'),
(1783, 0, 6, 1, 27, 49, 19, 36, 'S2'),
(1784, 0, 7, 1, 21, 63, 19, 44, 'S1'),
(1785, 0, 7, 1, 27, 49, 19, 36, 'S2'),
(1786, 1, 1, 1, 13, 60, 19, 24, 'J2'),
(1787, 1, 1, 1, 37, 48, 19, 45, 'S1'),
(1788, 1, 2, 1, 13, 60, 19, 24, 'J2'),
(1789, 1, 2, 1, 37, 48, 19, 45, 'S1'),
(1790, 1, 3, 1, 42, 48, 19, 19, 'S1'),
(1791, 1, 3, 1, 37, 48, 19, 45, 'S2'),
(1792, 1, 4, 1, 42, 48, 19, 19, 'S1'),
(1793, 1, 4, 1, 37, 48, 19, 45, 'S2'),
(1794, 1, 5, 1, 5, 7, 19, 17, 'celá'),
(1795, 1, 7, 1, 6, 5, 19, 5, 'celá'),
(1796, 1, 8, 1, 3, 3, 19, 3, 'J2'),
(1797, 1, 8, 1, 6, 6, 19, 13, 'S1'),
(1798, 1, 9, 1, 24, 47, 19, 19, 'celá'),
(1799, 2, 1, 1, 17, 47, 19, 52, 'S1'),
(1800, 2, 1, 1, 25, 46, 19, 20, 'S2'),
(1801, 2, 2, 1, 17, 47, 19, 52, 'S1'),
(1802, 2, 2, 1, 25, 46, 19, 20, 'S2'),
(1803, 2, 3, 1, 13, 4, 19, 24, 'J1'),
(1804, 2, 3, 1, 3, 3, 19, 3, 'J2'),
(1805, 2, 4, 1, 3, 3, 19, 3, 'J1'),
(1806, 2, 4, 1, 13, 4, 19, 24, 'J2'),
(1807, 2, 6, 1, 15, 12, 19, 11, 'celá'),
(1808, 2, 7, 1, 15, 12, 19, 11, 'celá'),
(1809, 3, 1, 1, 25, 46, 19, 20, 'S1'),
(1810, 3, 1, 1, 17, 47, 19, 52, 'S2'),
(1811, 3, 2, 1, 25, 46, 19, 20, 'S1'),
(1812, 3, 2, 1, 17, 47, 19, 52, 'S2'),
(1813, 3, 3, 1, 17, 47, 19, 52, 'S1'),
(1814, 3, 3, 1, 25, 46, 19, 20, 'S2'),
(1815, 3, 4, 1, 17, 47, 19, 52, 'S1'),
(1816, 3, 4, 1, 25, 46, 19, 20, 'S2'),
(1817, 3, 6, 1, 27, 49, 19, 36, 'S1'),
(1818, 3, 6, 1, 21, 63, 19, 44, 'S2'),
(1819, 3, 7, 1, 27, 49, 19, 36, 'S1'),
(1820, 3, 7, 1, 21, 63, 19, 44, 'S2'),
(1821, 3, 8, 1, 29, 50, 19, 42, 'celá'),
(1822, 3, 9, 1, 29, 50, 19, 42, 'celá'),
(1823, 4, 1, 1, 14, 6, 19, 13, 'celá'),
(1824, 4, 2, 1, 3, 3, 19, 3, 'J1'),
(1825, 4, 2, 1, 13, 4, 19, 24, 'J2'),
(1826, 4, 3, 1, 13, 60, 19, 24, 'J1'),
(1827, 4, 3, 1, 42, 48, 19, 19, 'S2'),
(1828, 4, 4, 1, 13, 60, 19, 24, 'J1'),
(1829, 4, 4, 1, 42, 48, 19, 19, 'S2'),
(1830, 4, 5, 1, 5, 7, 19, 17, 'celá'),
(1831, 0, 1, 0, 30, 40, 20, 32, 'celá'),
(1832, 0, 2, 0, 7, 7, 20, 7, 'celá'),
(1833, 0, 3, 0, 20, 60, 20, 15, 'celá'),
(1834, 0, 4, 0, 20, 4, 20, 15, 'celá'),
(1835, 0, 5, 0, 19, 19, 20, 29, 'celá'),
(1836, 0, 6, 0, 4, 6, 20, 21, 'Auto'),
(1837, 0, 7, 0, 4, 6, 20, 21, 'Aero'),
(1838, 0, 8, 0, 4, 3, 20, 22, 'celá'),
(1839, 1, 1, 0, 7, 7, 20, 7, 'celá'),
(1840, 1, 2, 0, 15, 12, 20, 25, 'celá'),
(1841, 1, 3, 0, 15, 12, 20, 25, 'celá'),
(1842, 1, 4, 0, 20, 4, 20, 15, 'celá'),
(1843, 1, 6, 0, 28, 3, 20, 22, 'celá'),
(1844, 1, 7, 0, 19, 56, 20, 31, 'Auto'),
(1845, 1, 8, 0, 19, 56, 20, 31, 'Auto'),
(1846, 2, 1, 0, 7, 7, 20, 7, 'celá'),
(1847, 2, 2, 0, 30, 40, 20, 32, 'celá'),
(1848, 2, 3, 0, 28, 6, 20, 21, 'celá'),
(1849, 2, 4, 0, 1, 5, 20, 7, 'celá'),
(1850, 2, 5, 0, 19, 64, 20, 31, 'Aero'),
(1851, 2, 6, 0, 23, 58, 20, 51, 'celá'),
(1852, 2, 7, 0, 19, 56, 20, 31, 'Auto'),
(1853, 2, 8, 0, 41, 54, 20, 47, 'Aero'),
(1854, 2, 9, 0, 41, 54, 20, 47, 'Aero'),
(1855, 3, 1, 0, 36, 58, 20, 53, 'Auto'),
(1856, 3, 2, 0, 36, 58, 20, 53, 'Auto'),
(1857, 3, 3, 0, 10, 38, 20, 2, 'L1'),
(1858, 3, 3, 0, 43, 38, 20, 9, 'L2'),
(1859, 3, 3, 0, 41, 38, 20, 47, 'L3'),
(1860, 3, 4, 0, 10, 38, 20, 2, 'L1'),
(1861, 3, 4, 0, 43, 38, 20, 9, 'L2'),
(1862, 3, 4, 0, 41, 38, 20, 47, 'L3'),
(1863, 3, 5, 0, 6, 6, 20, 21, 'celá'),
(1864, 3, 7, 0, 20, 60, 20, 15, 'celá'),
(1865, 3, 8, 0, 39, 39, 20, 34, 'Auto'),
(1866, 3, 9, 0, 39, 39, 20, 34, 'Auto'),
(1867, 4, 1, 0, 19, 64, 20, 31, 'Aero'),
(1868, 4, 1, 0, 10, 55, 20, 53, 'Auto'),
(1869, 4, 2, 0, 19, 64, 20, 31, 'Aero'),
(1870, 4, 2, 0, 10, 55, 20, 53, 'Auto'),
(1871, 4, 3, 0, 30, 19, 20, 29, 'celá'),
(1872, 4, 4, 0, 7, 7, 20, 7, 'celá'),
(1873, 4, 5, 0, 39, 39, 20, 34, 'Aero'),
(1874, 4, 5, 0, 41, 38, 20, 47, 'Auto'),
(1875, 4, 6, 0, 39, 39, 20, 34, 'Aero'),
(1876, 4, 6, 0, 41, 38, 20, 47, 'Auto'),
(1877, 0, 1, 1, 30, 40, 20, 32, 'celá'),
(1878, 0, 2, 1, 7, 7, 20, 7, 'celá'),
(1879, 0, 3, 1, 20, 60, 20, 15, 'celá'),
(1880, 0, 4, 1, 20, 4, 20, 15, 'celá'),
(1881, 0, 5, 1, 19, 19, 20, 29, 'celá'),
(1882, 0, 6, 1, 4, 6, 20, 21, 'Auto'),
(1883, 0, 7, 1, 4, 6, 20, 21, 'Aero'),
(1884, 0, 8, 1, 4, 3, 20, 22, 'celá'),
(1885, 1, 1, 1, 7, 7, 20, 7, 'celá'),
(1886, 1, 2, 1, 15, 12, 20, 25, 'celá'),
(1887, 1, 3, 1, 15, 12, 20, 25, 'celá'),
(1888, 1, 4, 1, 20, 4, 20, 15, 'celá'),
(1889, 1, 6, 1, 28, 3, 20, 22, 'celá'),
(1890, 1, 7, 1, 39, 39, 20, 34, 'Aero'),
(1891, 1, 7, 1, 19, 56, 20, 31, 'Auto'),
(1892, 1, 8, 1, 39, 39, 20, 34, 'Aero'),
(1893, 1, 8, 1, 19, 56, 20, 31, 'Auto'),
(1894, 2, 1, 1, 7, 7, 20, 7, 'celá'),
(1895, 2, 2, 1, 30, 40, 20, 32, 'celá'),
(1896, 2, 3, 1, 28, 6, 20, 21, 'celá'),
(1897, 2, 4, 1, 1, 5, 20, 7, 'celá'),
(1898, 2, 5, 1, 19, 64, 20, 31, 'Aero'),
(1899, 2, 6, 1, 23, 58, 20, 51, 'celá'),
(1900, 2, 7, 1, 19, 56, 20, 31, 'Auto'),
(1901, 2, 8, 1, 41, 54, 20, 47, 'Aero'),
(1902, 2, 8, 1, 39, 39, 20, 34, 'Auto'),
(1903, 2, 9, 1, 41, 54, 20, 47, 'Aero'),
(1904, 2, 9, 1, 39, 39, 20, 34, 'Auto'),
(1905, 3, 1, 1, 36, 58, 20, 53, 'Aero'),
(1906, 3, 2, 1, 36, 58, 20, 53, 'Aero'),
(1907, 3, 3, 1, 10, 38, 20, 2, 'L1'),
(1908, 3, 3, 1, 43, 38, 20, 9, 'L2'),
(1909, 3, 3, 1, 41, 38, 20, 47, 'L3'),
(1910, 3, 4, 1, 10, 38, 20, 2, 'L1'),
(1911, 3, 4, 1, 43, 38, 20, 9, 'L2'),
(1912, 3, 4, 1, 41, 38, 20, 47, 'L3'),
(1913, 3, 5, 1, 6, 6, 20, 21, 'celá'),
(1914, 3, 7, 1, 20, 60, 20, 15, 'celá'),
(1915, 3, 8, 1, 39, 39, 20, 34, 'Aero'),
(1916, 3, 9, 1, 39, 39, 20, 34, 'Aero'),
(1917, 4, 1, 1, 19, 64, 20, 31, 'Aero'),
(1918, 4, 1, 1, 10, 55, 20, 53, 'Auto'),
(1919, 4, 2, 1, 19, 64, 20, 31, 'Aero'),
(1920, 4, 2, 1, 10, 55, 20, 53, 'Auto'),
(1921, 4, 3, 1, 30, 19, 20, 29, 'celá'),
(1922, 4, 4, 1, 7, 7, 20, 7, 'celá'),
(1923, 4, 5, 1, 41, 38, 20, 47, 'Aero'),
(1924, 4, 5, 1, 39, 39, 20, 34, 'Auto'),
(1925, 4, 6, 1, 41, 38, 20, 47, 'Aero'),
(1926, 4, 6, 1, 39, 39, 20, 34, 'Auto'),
(1927, 0, 1, 0, 19, 19, 21, 29, 'celá'),
(1928, 0, 2, 0, 20, 4, 21, 15, 'celá'),
(1929, 0, 3, 0, 28, 3, 21, 22, 'celá'),
(1930, 0, 4, 0, 14, 6, 21, 21, 'PC1'),
(1931, 0, 5, 0, 30, 40, 21, 32, 'celá'),
(1932, 0, 6, 0, 4, 6, 21, 21, 'PC2'),
(1933, 0, 7, 0, 7, 7, 21, 7, 'celá'),
(1934, 1, 1, 0, 6, 5, 21, 7, 'celá'),
(1935, 1, 2, 0, 15, 12, 21, 25, 'celá'),
(1936, 1, 3, 0, 15, 12, 21, 25, 'celá'),
(1937, 1, 4, 0, 7, 7, 21, 7, 'celá'),
(1938, 1, 5, 0, 20, 60, 21, 15, 'Aj'),
(1939, 1, 5, 0, 4, 60, 21, 27, 'Nj'),
(1940, 1, 7, 0, 19, 56, 21, 31, 'celá'),
(1941, 1, 8, 0, 19, 56, 21, 31, 'celá'),
(1942, 2, 1, 0, 6, 6, 21, 21, 'celá'),
(1943, 2, 2, 0, 20, 4, 21, 15, 'celá'),
(1944, 2, 3, 0, 1, 58, 21, 51, 'celá'),
(1945, 2, 4, 0, 20, 60, 21, 15, 'Aj'),
(1946, 2, 5, 0, 7, 7, 21, 7, 'celá'),
(1947, 2, 6, 0, 4, 60, 21, 27, 'Nj'),
(1948, 2, 7, 0, 19, 56, 21, 31, 'celá'),
(1949, 2, 8, 0, 39, 39, 21, 34, 'PC1'),
(1950, 2, 9, 0, 39, 39, 21, 34, 'PC1'),
(1951, 3, 1, 0, 41, 38, 21, 47, 'PC1'),
(1952, 3, 1, 0, 36, 58, 21, 53, 'PC2'),
(1953, 3, 2, 0, 41, 38, 21, 47, 'PC1'),
(1954, 3, 2, 0, 36, 58, 21, 53, 'PC2'),
(1955, 3, 3, 0, 10, 38, 21, 2, 'L1'),
(1956, 3, 3, 0, 43, 38, 21, 9, 'L2'),
(1957, 3, 3, 0, 41, 38, 21, 47, 'L3'),
(1958, 3, 4, 0, 10, 38, 21, 2, 'L1'),
(1959, 3, 4, 0, 43, 38, 21, 9, 'L2'),
(1960, 3, 4, 0, 41, 38, 21, 47, 'L3'),
(1961, 3, 5, 0, 28, 3, 21, 22, 'celá'),
(1962, 3, 6, 0, 7, 7, 21, 7, 'celá'),
(1963, 3, 8, 0, 39, 39, 21, 34, 'PC2'),
(1964, 3, 9, 0, 39, 39, 21, 34, 'PC2'),
(1965, 4, 1, 0, 39, 39, 21, 34, 'PC1'),
(1966, 4, 1, 0, 10, 55, 21, 53, 'PC2'),
(1967, 4, 2, 0, 39, 39, 21, 34, 'PC1'),
(1968, 4, 2, 0, 10, 55, 21, 53, 'PC2'),
(1969, 4, 3, 0, 14, 6, 21, 21, 'celá'),
(1970, 4, 4, 0, 30, 40, 21, 32, 'celá'),
(1971, 4, 5, 0, 10, 55, 21, 53, 'PC1'),
(1972, 4, 5, 0, 41, 38, 21, 47, 'PC2'),
(1973, 4, 6, 0, 10, 55, 21, 53, 'PC1'),
(1974, 4, 6, 0, 41, 38, 21, 47, 'PC2'),
(1975, 0, 1, 1, 36, 58, 21, 53, 'PC1'),
(1976, 0, 2, 1, 36, 58, 21, 53, 'PC1'),
(1977, 0, 3, 1, 28, 3, 21, 22, 'celá'),
(1978, 0, 4, 1, 14, 6, 21, 21, 'PC1'),
(1979, 0, 5, 1, 30, 40, 21, 32, 'celá'),
(1980, 0, 6, 1, 4, 6, 21, 21, 'PC2'),
(1981, 0, 7, 1, 7, 7, 21, 7, 'celá'),
(1982, 0, 8, 1, 19, 19, 21, 29, 'celá'),
(1983, 0, 9, 1, 19, 19, 21, 29, 'celá'),
(1984, 1, 1, 1, 6, 5, 21, 7, 'celá'),
(1985, 1, 2, 1, 15, 12, 21, 25, 'celá'),
(1986, 1, 3, 1, 15, 12, 21, 25, 'celá'),
(1987, 1, 4, 1, 7, 7, 21, 7, 'celá'),
(1988, 1, 5, 1, 20, 60, 21, 15, 'Aj'),
(1989, 1, 5, 1, 4, 60, 21, 27, 'Nj'),
(1990, 1, 7, 1, 19, 56, 21, 31, 'celá'),
(1991, 1, 8, 1, 19, 56, 21, 31, 'celá'),
(1992, 2, 1, 1, 6, 6, 21, 21, 'celá'),
(1993, 2, 2, 1, 20, 4, 21, 15, 'celá'),
(1994, 2, 3, 1, 1, 58, 21, 51, 'celá'),
(1995, 2, 4, 1, 20, 60, 21, 15, 'Aj'),
(1996, 2, 5, 1, 7, 7, 21, 7, 'celá'),
(1997, 2, 6, 1, 4, 60, 21, 27, 'Nj'),
(1998, 2, 7, 1, 19, 56, 21, 31, 'celá'),
(1999, 2, 8, 1, 39, 39, 21, 34, 'PC2'),
(2000, 2, 9, 1, 39, 39, 21, 34, 'PC2'),
(2001, 3, 1, 1, 20, 4, 21, 15, 'celá'),
(2002, 3, 2, 1, 30, 19, 21, 29, 'celá'),
(2003, 3, 3, 1, 10, 38, 21, 2, 'L1'),
(2004, 3, 3, 1, 43, 38, 21, 9, 'L2'),
(2005, 3, 3, 1, 41, 38, 21, 47, 'L3'),
(2006, 3, 4, 1, 10, 38, 21, 2, 'L1'),
(2007, 3, 4, 1, 43, 38, 21, 9, 'L2'),
(2008, 3, 4, 1, 41, 38, 21, 47, 'L3'),
(2009, 3, 5, 1, 28, 3, 21, 22, 'celá'),
(2010, 3, 6, 1, 7, 7, 21, 7, 'celá'),
(2011, 4, 1, 1, 39, 39, 21, 34, 'PC1'),
(2012, 4, 1, 1, 10, 55, 21, 53, 'PC2'),
(2013, 4, 2, 1, 39, 39, 21, 34, 'PC1'),
(2014, 4, 2, 1, 10, 55, 21, 53, 'PC2'),
(2015, 4, 3, 1, 14, 6, 21, 21, 'celá'),
(2016, 4, 4, 1, 30, 40, 21, 32, 'celá'),
(2017, 4, 5, 1, 10, 55, 21, 53, 'PC1'),
(2018, 4, 5, 1, 39, 39, 21, 34, 'PC2'),
(2019, 4, 6, 1, 10, 55, 21, 53, 'PC1'),
(2020, 4, 6, 1, 39, 39, 21, 34, 'PC2'),
(2021, 0, 1, 0, 13, 60, 22, 4, 'celá'),
(2022, 0, 2, 0, 4, 3, 22, 27, 'celá'),
(2023, 0, 3, 0, 7, 7, 22, 7, 'celá'),
(2024, 0, 4, 0, 18, 6, 22, 13, 'celá'),
(2025, 0, 6, 0, 29, 65, 22, 42, 'celá'),
(2026, 0, 7, 0, 14, 5, 22, 13, 'celá'),
(2027, 0, 8, 0, 15, 12, 22, 11, 'celá'),
(2028, 0, 9, 0, 15, 12, 22, 11, 'celá'),
(2029, 1, 1, 0, 25, 38, 22, 46, 'celá'),
(2030, 1, 2, 0, 25, 38, 22, 46, 'celá'),
(2031, 1, 3, 0, 23, 66, 22, 50, 'celá'),
(2032, 1, 4, 0, 23, 66, 22, 50, 'celá'),
(2033, 1, 5, 0, 31, 66, 22, 50, 'S2'),
(2034, 1, 6, 0, 31, 66, 22, 50, 'S2'),
(2035, 2, 1, 0, 29, 65, 22, 42, 'celá'),
(2036, 2, 2, 0, 7, 7, 22, 7, 'celá'),
(2037, 2, 3, 0, 14, 6, 22, 13, 'celá'),
(2038, 2, 4, 0, 28, 3, 22, 27, 'celá'),
(2039, 2, 5, 0, 20, 4, 22, 15, 'celá'),
(2040, 2, 7, 0, 25, 65, 22, 45, 'celá'),
(2041, 2, 8, 0, 25, 65, 22, 45, 'celá'),
(2042, 3, 2, 0, 7, 7, 22, 7, 'celá'),
(2043, 3, 3, 0, 37, 67, 22, 44, 'celá'),
(2044, 3, 4, 0, 37, 67, 22, 44, 'celá'),
(2045, 3, 5, 0, 24, 68, 22, 42, 'celá'),
(2046, 3, 7, 0, 13, 60, 22, 4, 'celá'),
(2047, 3, 8, 0, 34, 23, 22, 8, 'celá'),
(2048, 3, 9, 0, 34, 23, 22, 8, 'celá'),
(2049, 4, 1, 0, 20, 4, 22, 15, 'celá'),
(2050, 4, 2, 0, 14, 6, 22, 13, 'celá'),
(2051, 4, 3, 0, 7, 7, 22, 7, 'celá'),
(2052, 4, 4, 0, 29, 68, 22, 42, 'celá'),
(2053, 4, 5, 0, 37, 69, 22, 42, 'celá'),
(2054, 4, 6, 0, 37, 69, 22, 42, 'celá'),
(2055, 0, 1, 1, 13, 60, 22, 4, 'celá'),
(2056, 0, 2, 1, 4, 3, 22, 27, 'celá'),
(2057, 0, 3, 1, 7, 7, 22, 7, 'celá'),
(2058, 0, 4, 1, 18, 6, 22, 13, 'celá'),
(2059, 0, 6, 1, 29, 65, 22, 42, 'celá'),
(2060, 0, 7, 1, 14, 5, 22, 13, 'celá'),
(2061, 0, 8, 1, 15, 12, 22, 11, 'celá'),
(2062, 0, 9, 1, 15, 12, 22, 11, 'celá'),
(2063, 1, 1, 1, 25, 38, 22, 46, 'celá'),
(2064, 1, 2, 1, 25, 38, 22, 46, 'celá'),
(2065, 1, 3, 1, 23, 66, 22, 50, 'celá'),
(2066, 1, 4, 1, 23, 66, 22, 50, 'celá'),
(2067, 1, 5, 1, 31, 66, 22, 50, 'S1'),
(2068, 1, 6, 1, 31, 66, 22, 50, 'S1'),
(2069, 2, 1, 1, 29, 65, 22, 42, 'celá'),
(2070, 2, 2, 1, 7, 7, 22, 7, 'celá'),
(2071, 2, 3, 1, 14, 6, 22, 13, 'celá'),
(2072, 2, 4, 1, 28, 3, 22, 27, 'celá'),
(2073, 2, 5, 1, 20, 4, 22, 15, 'celá'),
(2074, 2, 7, 1, 25, 65, 22, 45, 'celá'),
(2075, 2, 8, 1, 25, 65, 22, 45, 'celá'),
(2076, 3, 2, 1, 7, 7, 22, 7, 'celá'),
(2077, 3, 3, 1, 37, 67, 22, 44, 'celá'),
(2078, 3, 4, 1, 37, 67, 22, 44, 'celá'),
(2079, 3, 5, 1, 24, 68, 22, 42, 'celá'),
(2080, 3, 7, 1, 13, 60, 22, 4, 'celá'),
(2081, 3, 8, 1, 34, 23, 22, 8, 'celá'),
(2082, 3, 9, 1, 34, 23, 22, 8, 'celá'),
(2083, 4, 1, 1, 20, 4, 22, 15, 'celá'),
(2084, 4, 2, 1, 14, 6, 22, 13, 'celá'),
(2085, 4, 3, 1, 7, 7, 22, 7, 'celá'),
(2086, 4, 4, 1, 29, 68, 22, 42, 'celá'),
(2087, 4, 5, 1, 37, 69, 22, 42, 'celá'),
(2088, 4, 6, 1, 37, 69, 22, 42, 'celá');

-- --------------------------------------------------------

--
-- Table structure for table `migration_versions`
--

CREATE TABLE `migration_versions` (
  `version` varchar(14) CHARACTER SET utf8mb4 COLLATE utf8mb4_unicode_ci NOT NULL,
  `executed_at` datetime NOT NULL COMMENT '(DC2Type:datetime_immutable)'
) ENGINE=InnoDB DEFAULT CHARSET=utf8mb4 COLLATE=utf8mb4_unicode_ci;

--
-- Dumping data for table `migration_versions`
--

INSERT INTO `migration_versions` (`version`, `executed_at`) VALUES
('20200203082036', '2020-02-03 08:30:38');

-- --------------------------------------------------------

--
-- Table structure for table `reschedule`
--

CREATE TABLE `reschedule` (
  `id` int NOT NULL,
  `date` date NOT NULL,
  `hour` int NOT NULL,
  `grade_id` int NOT NULL,
  `type` varchar(45) CHARACTER SET utf8 COLLATE utf8_czech_ci NOT NULL,
  `custom` text CHARACTER SET utf8 COLLATE utf8_czech_ci,
  `lesson_id` int DEFAULT NULL,
  `room_id` int DEFAULT NULL,
  `teacher_id` int DEFAULT NULL,
  `original_date` date DEFAULT NULL,
  `created` timestamp NOT NULL DEFAULT CURRENT_TIMESTAMP
) ENGINE=InnoDB DEFAULT CHARSET=utf8 COLLATE=utf8_czech_ci;

--
-- Dumping data for table `reschedule`
--

INSERT INTO `reschedule` (`id`, `date`, `hour`, `grade_id`, `type`, `custom`, `lesson_id`, `room_id`, `teacher_id`, `original_date`, `created`) VALUES
(239, '2020-02-14', 1, 3, 'CANCEL', NULL, NULL, NULL, NULL, NULL, '2020-02-11 20:52:50'),
(240, '2020-02-14', 2, 3, 'CANCEL', NULL, 277, NULL, NULL, NULL, '2020-02-11 20:53:00'),
(241, '2020-02-14', 1, 5, 'CANCEL', NULL, NULL, NULL, NULL, NULL, '2020-02-11 20:53:31'),
(242, '2020-02-14', 2, 5, 'CANCEL', NULL, NULL, NULL, NULL, NULL, '2020-02-11 20:53:37'),
(243, '2020-02-14', 3, 5, 'CANCEL', NULL, 469, NULL, NULL, NULL, '2020-02-11 20:53:44'),
(244, '2020-02-14', 4, 2, 'CANCEL', NULL, 180, NULL, NULL, NULL, '2020-02-11 20:54:49'),
(245, '2020-02-14', 5, 2, 'CANCEL', NULL, NULL, NULL, NULL, NULL, '2020-02-11 20:54:56'),
(246, '2020-02-14', 4, 5, 'CANCEL', NULL, 471, NULL, NULL, NULL, '2020-02-11 20:58:00'),
(247, '2020-02-14', 5, 5, 'CANCEL', NULL, NULL, NULL, NULL, NULL, '2020-02-11 20:58:03'),
(248, '2020-02-14', 6, 4, 'CANCEL', NULL, 380, NULL, NULL, NULL, '2020-02-11 20:58:06'),
(249, '2020-02-14', 4, 1, 'CANCEL', NULL, 90, NULL, NULL, NULL, '2020-02-13 16:31:34'),
(250, '2020-02-14', 3, 9, 'CUSTOM', 'kkk', NULL, NULL, NULL, NULL, '2020-02-13 20:56:08'),
(251, '2020-02-14', 1, 1, 'CUSTOM', 'a1', NULL, NULL, NULL, NULL, '2020-02-13 20:57:42'),
(253, '2020-02-14', 3, 3, 'SUBSTITUTE', NULL, 279, 5, 3, NULL, '2020-02-14 08:46:44'),
(254, '2020-02-13', 2, 4, 'CANCEL', NULL, 362, NULL, NULL, NULL, '2020-02-14 12:53:42'),
(255, '2020-02-13', 1, 1, 'CANCEL', NULL, 76, NULL, NULL, NULL, '2020-02-14 12:54:13'),
(257, '2020-02-17', 3, 3, 'CANCEL', NULL, 187, NULL, NULL, NULL, '2020-02-17 23:12:43'),
(260, '2020-02-18', 3, 4, 'CANCEL', NULL, 294, NULL, NULL, NULL, '2020-02-18 12:57:51'),
(261, '2020-02-18', 9, 1, 'CANCEL', NULL, NULL, NULL, NULL, NULL, '2020-02-19 10:28:57'),
(262, '2020-02-19', 6, 3, 'CANCEL', NULL, 215, NULL, NULL, NULL, '2020-02-19 10:46:35'),
(263, '2020-02-19', 6, 4, 'CANCEL', NULL, NULL, NULL, NULL, NULL, '2020-02-19 10:46:54'),
(264, '2020-02-19', 7, 2, 'CANCEL', NULL, 117, NULL, NULL, NULL, '2020-02-19 10:47:05'),
(265, '2020-02-19', 3, 3, 'SUBSTITUTE', NULL, 212, 38, 30, NULL, '2020-02-19 10:47:32'),
(266, '2020-02-19', 9, 1, 'MOVE', NULL, 24, 5, NULL, '2020-02-19', '2020-02-19 10:48:18'),
(267, '2020-02-19', 5, 3, 'SUBSTITUTE', NULL, 214, 36, 5, NULL, '2020-02-19 11:02:50'),
(268, '2020-02-19', 2, 4, 'SUBSTITUTE', NULL, 300, 2, 25, NULL, '2020-02-19 11:19:29'),
(269, '2020-02-19', 4, 1, 'CANCEL', NULL, 27, NULL, NULL, NULL, '2020-02-19 11:19:32'),
(270, '2020-02-20', 4, 8, 'MOVE', NULL, 717, 18, NULL, '2020-02-19', '2020-02-19 11:19:48'),
(271, '2020-03-06', 1, 1, 'CANCEL', NULL, NULL, NULL, NULL, NULL, '2020-03-03 17:10:22'),
(272, '2020-03-06', 2, 1, 'CANCEL', NULL, NULL, NULL, NULL, NULL, '2020-03-03 17:10:23'),
(273, '2020-03-06', 3, 1, 'CANCEL', NULL, NULL, NULL, NULL, NULL, '2020-03-03 17:10:23'),
(274, '2020-03-06', 4, 1, 'CANCEL', NULL, NULL, NULL, NULL, NULL, '2020-03-03 17:10:23'),
(275, '2020-03-06', 5, 1, 'CANCEL', NULL, NULL, NULL, NULL, NULL, '2020-03-03 17:10:23'),
(276, '2020-03-06', 6, 1, 'CANCEL', NULL, NULL, NULL, NULL, NULL, '2020-03-03 17:10:23'),
(277, '2020-03-06', 9, 1, 'CANCEL', NULL, NULL, NULL, NULL, NULL, '2020-03-03 17:10:23'),
(278, '2020-03-06', 8, 1, 'CANCEL', NULL, NULL, NULL, NULL, NULL, '2020-03-03 17:10:23'),
(279, '2020-03-06', 7, 1, 'CANCEL', NULL, NULL, NULL, NULL, NULL, '2020-03-03 17:10:23'),
(280, '2020-03-06', 1, 2, 'CANCEL', NULL, NULL, NULL, NULL, NULL, '2020-03-03 17:10:23'),
(281, '2020-03-06', 2, 2, 'CANCEL', NULL, NULL, NULL, NULL, NULL, '2020-03-03 17:10:23'),
(282, '2020-03-06', 3, 2, 'CANCEL', NULL, NULL, NULL, NULL, NULL, '2020-03-03 17:10:23'),
(283, '2020-03-06', 4, 2, 'CANCEL', NULL, NULL, NULL, NULL, NULL, '2020-03-03 17:10:23'),
(284, '2020-03-06', 5, 2, 'CANCEL', NULL, NULL, NULL, NULL, NULL, '2020-03-03 17:10:23'),
(285, '2020-03-06', 6, 2, 'CANCEL', NULL, NULL, NULL, NULL, NULL, '2020-03-03 17:10:23'),
(286, '2020-03-06', 9, 2, 'CANCEL', NULL, NULL, NULL, NULL, NULL, '2020-03-03 17:10:23'),
(287, '2020-03-06', 8, 2, 'CANCEL', NULL, NULL, NULL, NULL, NULL, '2020-03-03 17:10:23'),
(288, '2020-03-06', 7, 2, 'CANCEL', NULL, NULL, NULL, NULL, NULL, '2020-03-03 17:10:23'),
(289, '2020-03-06', 1, 3, 'CANCEL', NULL, NULL, NULL, NULL, NULL, '2020-03-03 17:10:23'),
(290, '2020-03-06', 2, 3, 'CANCEL', NULL, NULL, NULL, NULL, NULL, '2020-03-03 17:10:23'),
(291, '2020-03-06', 3, 3, 'CANCEL', NULL, NULL, NULL, NULL, NULL, '2020-03-03 17:10:23'),
(292, '2020-03-06', 4, 3, 'CANCEL', NULL, NULL, NULL, NULL, NULL, '2020-03-03 17:10:23'),
(293, '2020-03-06', 5, 3, 'CANCEL', NULL, NULL, NULL, NULL, NULL, '2020-03-03 17:10:23'),
(294, '2020-03-06', 6, 3, 'CANCEL', NULL, NULL, NULL, NULL, NULL, '2020-03-03 17:10:23'),
(295, '2020-03-06', 9, 3, 'CANCEL', NULL, NULL, NULL, NULL, NULL, '2020-03-03 17:10:23'),
(296, '2020-03-06', 8, 3, 'CANCEL', NULL, NULL, NULL, NULL, NULL, '2020-03-03 17:10:23'),
(297, '2020-03-06', 7, 3, 'CANCEL', NULL, NULL, NULL, NULL, NULL, '2020-03-03 17:10:23'),
(298, '2020-03-06', 1, 4, 'CANCEL', NULL, NULL, NULL, NULL, NULL, '2020-03-03 17:10:23'),
(299, '2020-03-06', 2, 4, 'CANCEL', NULL, NULL, NULL, NULL, NULL, '2020-03-03 17:10:23'),
(300, '2020-03-06', 3, 4, 'CANCEL', NULL, NULL, NULL, NULL, NULL, '2020-03-03 17:10:23'),
(301, '2020-03-06', 4, 4, 'CANCEL', NULL, NULL, NULL, NULL, NULL, '2020-03-03 17:10:23'),
(302, '2020-03-06', 5, 4, 'CANCEL', NULL, NULL, NULL, NULL, NULL, '2020-03-03 17:10:23'),
(303, '2020-03-06', 6, 4, 'CANCEL', NULL, NULL, NULL, NULL, NULL, '2020-03-03 17:10:23'),
(304, '2020-03-06', 9, 4, 'CANCEL', NULL, NULL, NULL, NULL, NULL, '2020-03-03 17:10:23'),
(305, '2020-03-06', 8, 4, 'CANCEL', NULL, NULL, NULL, NULL, NULL, '2020-03-03 17:10:23'),
(306, '2020-03-06', 7, 4, 'CANCEL', NULL, NULL, NULL, NULL, NULL, '2020-03-03 17:10:23'),
(307, '2020-03-06', 1, 5, 'CANCEL', NULL, NULL, NULL, NULL, NULL, '2020-03-03 17:10:23'),
(308, '2020-03-06', 2, 5, 'CANCEL', NULL, NULL, NULL, NULL, NULL, '2020-03-03 17:10:23'),
(309, '2020-03-06', 3, 5, 'CANCEL', NULL, NULL, NULL, NULL, NULL, '2020-03-03 17:10:23'),
(310, '2020-03-06', 4, 5, 'CANCEL', NULL, NULL, NULL, NULL, NULL, '2020-03-03 17:10:23'),
(311, '2020-03-06', 5, 5, 'CANCEL', NULL, NULL, NULL, NULL, NULL, '2020-03-03 17:10:23'),
(312, '2020-03-06', 6, 5, 'CANCEL', NULL, NULL, NULL, NULL, NULL, '2020-03-03 17:10:23'),
(313, '2020-03-06', 9, 5, 'CANCEL', NULL, NULL, NULL, NULL, NULL, '2020-03-03 17:10:23'),
(314, '2020-03-06', 8, 5, 'CANCEL', NULL, NULL, NULL, NULL, NULL, '2020-03-03 17:10:23'),
(315, '2020-03-06', 7, 5, 'CANCEL', NULL, NULL, NULL, NULL, NULL, '2020-03-03 17:10:23'),
(316, '2020-03-06', 1, 6, 'CANCEL', NULL, NULL, NULL, NULL, NULL, '2020-03-03 17:10:23'),
(317, '2020-03-06', 2, 6, 'CANCEL', NULL, NULL, NULL, NULL, NULL, '2020-03-03 17:10:23'),
(318, '2020-03-06', 3, 6, 'CANCEL', NULL, NULL, NULL, NULL, NULL, '2020-03-03 17:10:23'),
(319, '2020-03-06', 4, 6, 'CANCEL', NULL, NULL, NULL, NULL, NULL, '2020-03-03 17:10:23'),
(320, '2020-03-06', 5, 6, 'CANCEL', NULL, NULL, NULL, NULL, NULL, '2020-03-03 17:10:23'),
(321, '2020-03-06', 6, 6, 'CANCEL', NULL, NULL, NULL, NULL, NULL, '2020-03-03 17:10:23'),
(322, '2020-03-06', 9, 6, 'CANCEL', NULL, NULL, NULL, NULL, NULL, '2020-03-03 17:10:23'),
(323, '2020-03-06', 8, 6, 'CANCEL', NULL, NULL, NULL, NULL, NULL, '2020-03-03 17:10:23'),
(324, '2020-03-06', 7, 6, 'CANCEL', NULL, NULL, NULL, NULL, NULL, '2020-03-03 17:10:23'),
(325, '2020-03-06', 1, 7, 'CANCEL', NULL, NULL, NULL, NULL, NULL, '2020-03-03 17:10:23'),
(326, '2020-03-06', 2, 7, 'CANCEL', NULL, NULL, NULL, NULL, NULL, '2020-03-03 17:10:23'),
(327, '2020-03-06', 3, 7, 'CANCEL', NULL, NULL, NULL, NULL, NULL, '2020-03-03 17:10:23'),
(328, '2020-03-06', 4, 7, 'CANCEL', NULL, NULL, NULL, NULL, NULL, '2020-03-03 17:10:23'),
(329, '2020-03-06', 5, 7, 'CANCEL', NULL, NULL, NULL, NULL, NULL, '2020-03-03 17:10:23'),
(330, '2020-03-06', 6, 7, 'CANCEL', NULL, NULL, NULL, NULL, NULL, '2020-03-03 17:10:23'),
(331, '2020-03-06', 9, 7, 'CANCEL', NULL, NULL, NULL, NULL, NULL, '2020-03-03 17:10:23'),
(332, '2020-03-06', 8, 7, 'CANCEL', NULL, NULL, NULL, NULL, NULL, '2020-03-03 17:10:23'),
(333, '2020-03-06', 7, 7, 'CANCEL', NULL, NULL, NULL, NULL, NULL, '2020-03-03 17:10:23'),
(334, '2020-03-06', 1, 8, 'CANCEL', NULL, NULL, NULL, NULL, NULL, '2020-03-03 17:10:23'),
(335, '2020-03-06', 2, 8, 'CANCEL', NULL, NULL, NULL, NULL, NULL, '2020-03-03 17:10:23'),
(336, '2020-03-06', 3, 8, 'CANCEL', NULL, NULL, NULL, NULL, NULL, '2020-03-03 17:10:23'),
(337, '2020-03-06', 4, 8, 'CANCEL', NULL, NULL, NULL, NULL, NULL, '2020-03-03 17:10:23'),
(338, '2020-03-06', 5, 8, 'CANCEL', NULL, NULL, NULL, NULL, NULL, '2020-03-03 17:10:23'),
(339, '2020-03-06', 6, 8, 'CANCEL', NULL, NULL, NULL, NULL, NULL, '2020-03-03 17:10:23'),
(340, '2020-03-06', 9, 8, 'CANCEL', NULL, NULL, NULL, NULL, NULL, '2020-03-03 17:10:23'),
(341, '2020-03-06', 8, 8, 'CANCEL', NULL, NULL, NULL, NULL, NULL, '2020-03-03 17:10:23'),
(342, '2020-03-06', 7, 8, 'CANCEL', NULL, NULL, NULL, NULL, NULL, '2020-03-03 17:10:23'),
(343, '2020-03-06', 1, 9, 'CANCEL', NULL, NULL, NULL, NULL, NULL, '2020-03-03 17:10:23'),
(344, '2020-03-06', 2, 9, 'CANCEL', NULL, NULL, NULL, NULL, NULL, '2020-03-03 17:10:23'),
(345, '2020-03-06', 3, 9, 'CANCEL', NULL, NULL, NULL, NULL, NULL, '2020-03-03 17:10:23'),
(346, '2020-03-06', 4, 9, 'CANCEL', NULL, NULL, NULL, NULL, NULL, '2020-03-03 17:10:23'),
(347, '2020-03-06', 5, 9, 'CANCEL', NULL, NULL, NULL, NULL, NULL, '2020-03-03 17:10:23'),
(348, '2020-03-06', 6, 9, 'CANCEL', NULL, NULL, NULL, NULL, NULL, '2020-03-03 17:10:23'),
(349, '2020-03-06', 9, 9, 'CANCEL', NULL, NULL, NULL, NULL, NULL, '2020-03-03 17:10:23'),
(350, '2020-03-06', 8, 9, 'CANCEL', NULL, NULL, NULL, NULL, NULL, '2020-03-03 17:10:23'),
(351, '2020-03-06', 7, 9, 'CANCEL', NULL, NULL, NULL, NULL, NULL, '2020-03-03 17:10:23'),
(352, '2020-03-06', 1, 10, 'CANCEL', NULL, NULL, NULL, NULL, NULL, '2020-03-03 17:10:23'),
(353, '2020-03-06', 2, 10, 'CANCEL', NULL, NULL, NULL, NULL, NULL, '2020-03-03 17:10:23'),
(354, '2020-03-06', 3, 10, 'CANCEL', NULL, NULL, NULL, NULL, NULL, '2020-03-03 17:10:23'),
(355, '2020-03-06', 4, 10, 'CANCEL', NULL, NULL, NULL, NULL, NULL, '2020-03-03 17:10:23'),
(356, '2020-03-06', 5, 10, 'CANCEL', NULL, NULL, NULL, NULL, NULL, '2020-03-03 17:10:23'),
(357, '2020-03-06', 6, 10, 'CANCEL', NULL, NULL, NULL, NULL, NULL, '2020-03-03 17:10:23'),
(358, '2020-03-06', 9, 10, 'CANCEL', NULL, NULL, NULL, NULL, NULL, '2020-03-03 17:10:23'),
(359, '2020-03-06', 8, 10, 'CANCEL', NULL, NULL, NULL, NULL, NULL, '2020-03-03 17:10:23'),
(360, '2020-03-06', 7, 10, 'CANCEL', NULL, NULL, NULL, NULL, NULL, '2020-03-03 17:10:23'),
(361, '2020-03-06', 1, 11, 'CANCEL', NULL, NULL, NULL, NULL, NULL, '2020-03-03 17:10:23'),
(362, '2020-03-06', 2, 11, 'CANCEL', NULL, NULL, NULL, NULL, NULL, '2020-03-03 17:10:23'),
(363, '2020-03-06', 3, 11, 'CANCEL', NULL, NULL, NULL, NULL, NULL, '2020-03-03 17:10:23'),
(364, '2020-03-06', 4, 11, 'CANCEL', NULL, NULL, NULL, NULL, NULL, '2020-03-03 17:10:23'),
(365, '2020-03-06', 5, 11, 'CANCEL', NULL, NULL, NULL, NULL, NULL, '2020-03-03 17:10:23'),
(366, '2020-03-06', 6, 11, 'CANCEL', NULL, NULL, NULL, NULL, NULL, '2020-03-03 17:10:23'),
(367, '2020-03-06', 9, 11, 'CANCEL', NULL, NULL, NULL, NULL, NULL, '2020-03-03 17:10:23'),
(368, '2020-03-06', 8, 11, 'CANCEL', NULL, NULL, NULL, NULL, NULL, '2020-03-03 17:10:23'),
(369, '2020-03-06', 7, 11, 'CANCEL', NULL, NULL, NULL, NULL, NULL, '2020-03-03 17:10:23'),
(370, '2020-03-06', 1, 12, 'CANCEL', NULL, NULL, NULL, NULL, NULL, '2020-03-03 17:10:23'),
(371, '2020-03-06', 2, 12, 'CANCEL', NULL, NULL, NULL, NULL, NULL, '2020-03-03 17:10:23'),
(372, '2020-03-06', 3, 12, 'CANCEL', NULL, NULL, NULL, NULL, NULL, '2020-03-03 17:10:23'),
(373, '2020-03-06', 4, 12, 'CANCEL', NULL, NULL, NULL, NULL, NULL, '2020-03-03 17:10:23'),
(374, '2020-03-06', 5, 12, 'CANCEL', NULL, NULL, NULL, NULL, NULL, '2020-03-03 17:10:23'),
(375, '2020-03-06', 6, 12, 'CANCEL', NULL, NULL, NULL, NULL, NULL, '2020-03-03 17:10:23'),
(376, '2020-03-06', 9, 12, 'CANCEL', NULL, NULL, NULL, NULL, NULL, '2020-03-03 17:10:23'),
(377, '2020-03-06', 8, 12, 'CANCEL', NULL, NULL, NULL, NULL, NULL, '2020-03-03 17:10:23'),
(378, '2020-03-06', 7, 12, 'CANCEL', NULL, NULL, NULL, NULL, NULL, '2020-03-03 17:10:23'),
(379, '2020-03-06', 1, 13, 'CANCEL', NULL, NULL, NULL, NULL, NULL, '2020-03-03 17:10:23'),
(380, '2020-03-06', 2, 13, 'CANCEL', NULL, NULL, NULL, NULL, NULL, '2020-03-03 17:10:23'),
(381, '2020-03-06', 3, 13, 'CANCEL', NULL, NULL, NULL, NULL, NULL, '2020-03-03 17:10:23'),
(382, '2020-03-06', 4, 13, 'CANCEL', NULL, NULL, NULL, NULL, NULL, '2020-03-03 17:10:23'),
(383, '2020-03-06', 5, 13, 'CANCEL', NULL, NULL, NULL, NULL, NULL, '2020-03-03 17:10:23'),
(384, '2020-03-06', 6, 13, 'CANCEL', NULL, NULL, NULL, NULL, NULL, '2020-03-03 17:10:23'),
(385, '2020-03-06', 9, 13, 'CANCEL', NULL, NULL, NULL, NULL, NULL, '2020-03-03 17:10:23'),
(386, '2020-03-06', 8, 13, 'CANCEL', NULL, NULL, NULL, NULL, NULL, '2020-03-03 17:10:23'),
(387, '2020-03-06', 7, 13, 'CANCEL', NULL, NULL, NULL, NULL, NULL, '2020-03-03 17:10:23'),
(388, '2020-03-06', 1, 14, 'CANCEL', NULL, NULL, NULL, NULL, NULL, '2020-03-03 17:10:23'),
(389, '2020-03-06', 2, 14, 'CANCEL', NULL, NULL, NULL, NULL, NULL, '2020-03-03 17:10:23'),
(390, '2020-03-06', 3, 14, 'CANCEL', NULL, NULL, NULL, NULL, NULL, '2020-03-03 17:10:23'),
(391, '2020-03-06', 4, 14, 'CANCEL', NULL, NULL, NULL, NULL, NULL, '2020-03-03 17:10:23'),
(392, '2020-03-06', 5, 14, 'CANCEL', NULL, NULL, NULL, NULL, NULL, '2020-03-03 17:10:23'),
(393, '2020-03-06', 6, 14, 'CANCEL', NULL, NULL, NULL, NULL, NULL, '2020-03-03 17:10:23'),
(394, '2020-03-06', 9, 14, 'CANCEL', NULL, NULL, NULL, NULL, NULL, '2020-03-03 17:10:23'),
(395, '2020-03-06', 8, 14, 'CANCEL', NULL, NULL, NULL, NULL, NULL, '2020-03-03 17:10:23'),
(396, '2020-03-06', 7, 14, 'CANCEL', NULL, NULL, NULL, NULL, NULL, '2020-03-03 17:10:23'),
(397, '2020-03-06', 1, 15, 'CANCEL', NULL, NULL, NULL, NULL, NULL, '2020-03-03 17:10:23'),
(398, '2020-03-06', 2, 15, 'CANCEL', NULL, NULL, NULL, NULL, NULL, '2020-03-03 17:10:23'),
(399, '2020-03-06', 3, 15, 'CANCEL', NULL, NULL, NULL, NULL, NULL, '2020-03-03 17:10:23'),
(400, '2020-03-06', 4, 15, 'CANCEL', NULL, NULL, NULL, NULL, NULL, '2020-03-03 17:10:23'),
(401, '2020-03-06', 5, 15, 'CANCEL', NULL, NULL, NULL, NULL, NULL, '2020-03-03 17:10:23'),
(402, '2020-03-06', 6, 15, 'CANCEL', NULL, NULL, NULL, NULL, NULL, '2020-03-03 17:10:23'),
(403, '2020-03-06', 9, 15, 'CANCEL', NULL, NULL, NULL, NULL, NULL, '2020-03-03 17:10:23'),
(404, '2020-03-06', 8, 15, 'CANCEL', NULL, NULL, NULL, NULL, NULL, '2020-03-03 17:10:23'),
(405, '2020-03-06', 7, 15, 'CANCEL', NULL, NULL, NULL, NULL, NULL, '2020-03-03 17:10:23'),
(406, '2020-03-06', 1, 16, 'CANCEL', NULL, NULL, NULL, NULL, NULL, '2020-03-03 17:10:23'),
(407, '2020-03-06', 2, 16, 'CANCEL', NULL, NULL, NULL, NULL, NULL, '2020-03-03 17:10:23'),
(408, '2020-03-06', 3, 16, 'CANCEL', NULL, NULL, NULL, NULL, NULL, '2020-03-03 17:10:23'),
(409, '2020-03-06', 4, 16, 'CANCEL', NULL, NULL, NULL, NULL, NULL, '2020-03-03 17:10:23'),
(410, '2020-03-06', 5, 16, 'CANCEL', NULL, NULL, NULL, NULL, NULL, '2020-03-03 17:10:23'),
(411, '2020-03-06', 6, 16, 'CANCEL', NULL, NULL, NULL, NULL, NULL, '2020-03-03 17:10:23'),
(412, '2020-03-06', 9, 16, 'CANCEL', NULL, NULL, NULL, NULL, NULL, '2020-03-03 17:10:23'),
(413, '2020-03-06', 8, 16, 'CANCEL', NULL, NULL, NULL, NULL, NULL, '2020-03-03 17:10:23'),
(414, '2020-03-06', 7, 16, 'CANCEL', NULL, NULL, NULL, NULL, NULL, '2020-03-03 17:10:23'),
(415, '2020-03-06', 1, 17, 'CANCEL', NULL, NULL, NULL, NULL, NULL, '2020-03-03 17:10:23'),
(416, '2020-03-06', 2, 17, 'CANCEL', NULL, NULL, NULL, NULL, NULL, '2020-03-03 17:10:23'),
(417, '2020-03-06', 3, 17, 'CANCEL', NULL, NULL, NULL, NULL, NULL, '2020-03-03 17:10:23'),
(418, '2020-03-06', 4, 17, 'CANCEL', NULL, NULL, NULL, NULL, NULL, '2020-03-03 17:10:23'),
(419, '2020-03-06', 5, 17, 'CANCEL', NULL, NULL, NULL, NULL, NULL, '2020-03-03 17:10:23'),
(420, '2020-03-06', 6, 17, 'CANCEL', NULL, NULL, NULL, NULL, NULL, '2020-03-03 17:10:23'),
(421, '2020-03-06', 9, 17, 'CANCEL', NULL, NULL, NULL, NULL, NULL, '2020-03-03 17:10:23'),
(422, '2020-03-06', 8, 17, 'CANCEL', NULL, NULL, NULL, NULL, NULL, '2020-03-03 17:10:23'),
(423, '2020-03-06', 7, 17, 'CANCEL', NULL, NULL, NULL, NULL, NULL, '2020-03-03 17:10:23'),
(424, '2020-03-06', 1, 18, 'CANCEL', NULL, NULL, NULL, NULL, NULL, '2020-03-03 17:10:23'),
(425, '2020-03-06', 2, 18, 'CANCEL', NULL, NULL, NULL, NULL, NULL, '2020-03-03 17:10:23'),
(426, '2020-03-06', 3, 18, 'CANCEL', NULL, NULL, NULL, NULL, NULL, '2020-03-03 17:10:23'),
(427, '2020-03-06', 4, 18, 'CANCEL', NULL, NULL, NULL, NULL, NULL, '2020-03-03 17:10:23'),
(428, '2020-03-06', 5, 18, 'CANCEL', NULL, NULL, NULL, NULL, NULL, '2020-03-03 17:10:23'),
(429, '2020-03-06', 6, 18, 'CANCEL', NULL, NULL, NULL, NULL, NULL, '2020-03-03 17:10:24'),
(430, '2020-03-06', 9, 18, 'CANCEL', NULL, NULL, NULL, NULL, NULL, '2020-03-03 17:10:24'),
(431, '2020-03-06', 8, 18, 'CANCEL', NULL, NULL, NULL, NULL, NULL, '2020-03-03 17:10:24'),
(432, '2020-03-06', 7, 18, 'CANCEL', NULL, NULL, NULL, NULL, NULL, '2020-03-03 17:10:24'),
(433, '2020-03-06', 1, 19, 'CANCEL', NULL, NULL, NULL, NULL, NULL, '2020-03-03 17:10:24'),
(434, '2020-03-06', 2, 19, 'CANCEL', NULL, NULL, NULL, NULL, NULL, '2020-03-03 17:10:24'),
(435, '2020-03-06', 3, 19, 'CANCEL', NULL, NULL, NULL, NULL, NULL, '2020-03-03 17:10:24'),
(436, '2020-03-06', 4, 19, 'CANCEL', NULL, NULL, NULL, NULL, NULL, '2020-03-03 17:10:24'),
(437, '2020-03-06', 5, 19, 'CANCEL', NULL, NULL, NULL, NULL, NULL, '2020-03-03 17:10:24'),
(438, '2020-03-06', 6, 19, 'CANCEL', NULL, NULL, NULL, NULL, NULL, '2020-03-03 17:10:24'),
(439, '2020-03-06', 9, 19, 'CANCEL', NULL, NULL, NULL, NULL, NULL, '2020-03-03 17:10:24'),
(440, '2020-03-06', 8, 19, 'CANCEL', NULL, NULL, NULL, NULL, NULL, '2020-03-03 17:10:24'),
(441, '2020-03-06', 7, 19, 'CANCEL', NULL, NULL, NULL, NULL, NULL, '2020-03-03 17:10:24'),
(442, '2020-03-06', 1, 20, 'CANCEL', NULL, NULL, NULL, NULL, NULL, '2020-03-03 17:10:24'),
(443, '2020-03-06', 2, 20, 'CANCEL', NULL, NULL, NULL, NULL, NULL, '2020-03-03 17:10:24'),
(444, '2020-03-06', 3, 20, 'CANCEL', NULL, NULL, NULL, NULL, NULL, '2020-03-03 17:10:24'),
(445, '2020-03-06', 4, 20, 'CANCEL', NULL, NULL, NULL, NULL, NULL, '2020-03-03 17:10:24'),
(446, '2020-03-06', 5, 20, 'CANCEL', NULL, NULL, NULL, NULL, NULL, '2020-03-03 17:10:24'),
(447, '2020-03-06', 6, 20, 'CANCEL', NULL, NULL, NULL, NULL, NULL, '2020-03-03 17:10:24'),
(448, '2020-03-06', 9, 20, 'CANCEL', NULL, NULL, NULL, NULL, NULL, '2020-03-03 17:10:24'),
(449, '2020-03-06', 8, 20, 'CANCEL', NULL, NULL, NULL, NULL, NULL, '2020-03-03 17:10:24'),
(450, '2020-03-06', 7, 20, 'CANCEL', NULL, NULL, NULL, NULL, NULL, '2020-03-03 17:10:24'),
(451, '2020-03-06', 1, 21, 'CANCEL', NULL, NULL, NULL, NULL, NULL, '2020-03-03 17:10:24'),
(452, '2020-03-06', 2, 21, 'CANCEL', NULL, NULL, NULL, NULL, NULL, '2020-03-03 17:10:24'),
(453, '2020-03-06', 3, 21, 'CANCEL', NULL, NULL, NULL, NULL, NULL, '2020-03-03 17:10:24'),
(454, '2020-03-06', 4, 21, 'CANCEL', NULL, NULL, NULL, NULL, NULL, '2020-03-03 17:10:24'),
(455, '2020-03-06', 5, 21, 'CANCEL', NULL, NULL, NULL, NULL, NULL, '2020-03-03 17:10:24'),
(456, '2020-03-06', 6, 21, 'CANCEL', NULL, NULL, NULL, NULL, NULL, '2020-03-03 17:10:24'),
(457, '2020-03-06', 9, 21, 'CANCEL', NULL, NULL, NULL, NULL, NULL, '2020-03-03 17:10:24'),
(458, '2020-03-06', 8, 21, 'CANCEL', NULL, NULL, NULL, NULL, NULL, '2020-03-03 17:10:24'),
(459, '2020-03-06', 7, 21, 'CANCEL', NULL, NULL, NULL, NULL, NULL, '2020-03-03 17:10:24'),
(460, '2020-03-06', 1, 22, 'CANCEL', NULL, NULL, NULL, NULL, NULL, '2020-03-03 17:10:24'),
(461, '2020-03-06', 2, 22, 'CANCEL', NULL, NULL, NULL, NULL, NULL, '2020-03-03 17:10:24'),
(462, '2020-03-06', 3, 22, 'CANCEL', NULL, NULL, NULL, NULL, NULL, '2020-03-03 17:10:24'),
(463, '2020-03-06', 4, 22, 'CANCEL', NULL, NULL, NULL, NULL, NULL, '2020-03-03 17:10:24'),
(464, '2020-03-06', 5, 22, 'CANCEL', NULL, NULL, NULL, NULL, NULL, '2020-03-03 17:10:24'),
(465, '2020-03-06', 6, 22, 'CANCEL', NULL, NULL, NULL, NULL, NULL, '2020-03-03 17:10:24'),
(466, '2020-03-06', 9, 22, 'CANCEL', NULL, NULL, NULL, NULL, NULL, '2020-03-03 17:10:24'),
(467, '2020-03-06', 8, 22, 'CANCEL', NULL, NULL, NULL, NULL, NULL, '2020-03-03 17:10:24'),
(468, '2020-03-06', 7, 22, 'CANCEL', NULL, NULL, NULL, NULL, NULL, '2020-03-03 17:10:24'),
(469, '2020-03-24', 3, 4, 'CANCEL', NULL, 343, NULL, NULL, NULL, '2020-03-10 19:23:13');

-- --------------------------------------------------------

--
-- Table structure for table `room`
--

CREATE TABLE `room` (
  `id` int NOT NULL,
  `name` varchar(10) CHARACTER SET utf8 COLLATE utf8_czech_ci NOT NULL
) ENGINE=InnoDB DEFAULT CHARSET=utf8 COLLATE=utf8_czech_ci;

--
-- Dumping data for table `room`
--

INSERT INTO `room` (`id`, `name`) VALUES
(1, 'N221'),
(2, 'N126'),
(3, 'N324'),
(4, 'N212'),
(5, 'N318'),
(6, 'N327'),
(7, 'N319'),
(8, 'N138'),
(9, 'N214'),
(10, 'N105'),
(11, 'N128'),
(12, 'N208'),
(13, 'N317'),
(14, 'N226'),
(15, 'NTV '),
(16, 'N206'),
(17, 'N207'),
(18, 'N220'),
(19, 'N116'),
(20, 'N310'),
(21, 'N213'),
(22, 'N228'),
(23, 'N219'),
(24, 'N209'),
(25, 'N119'),
(26, 'N311'),
(27, 'N229'),
(28, 'N312'),
(29, 'N215'),
(30, 'N325'),
(31, 'N122'),
(32, 'N106'),
(33, 'N124'),
(34, 'N102'),
(35, 'N123'),
(36, 'N101'),
(37, 'N120'),
(38, 'N304'),
(39, 'N121'),
(40, 'N127'),
(41, 'N104'),
(42, 'N118'),
(43, 'N107');

-- --------------------------------------------------------

--
-- Table structure for table `subject`
--

CREATE TABLE `subject` (
  `id` int NOT NULL,
  `name` text CHARACTER SET utf8 COLLATE utf8_czech_ci NOT NULL,
  `short` varchar(10) CHARACTER SET utf8 COLLATE utf8_czech_ci NOT NULL
) ENGINE=InnoDB DEFAULT CHARSET=utf8 COLLATE=utf8_czech_ci;

--
-- Dumping data for table `subject`
--

INSERT INTO `subject` (`id`, `name`, `short`) VALUES
(1, 'Elektrotechnika a elektronika', 'EaE'),
(2, 'Technická dokumentace', 'TD'),
(3, 'Německý jazyk', 'NJ'),
(4, 'Anglický jazyk', 'AJ'),
(5, 'Základy společenských věd', 'ZSV'),
(6, 'Český jazyk a literatura', 'ČJ'),
(7, 'Matematika', 'M'),
(8, 'Fyzika', 'F'),
(9, 'Informační a komunikační technologie', 'ICT'),
(10, 'Počítačové navrhování', 'CAD'),
(11, 'Chemie a ekologie', 'CHaE'),
(12, 'Tělesná výchova', 'TV'),
(13, 'Úvod do automatizace', 'UAt'),
(14, 'Technické vybavení', 'TVy'),
(15, 'Programové vybavení', 'PVy'),
(16, 'Praktikum z informatiky', 'PI'),
(17, 'Webové stránky', 'Web'),
(18, 'Počítačová grafika a multimédia', 'PGM'),
(19, 'Strojírenská technologie', 'ST'),
(20, 'Mechanika', 'Me'),
(21, 'Praxe pro mechatroniky', 'PxM'),
(22, 'Technická měření a diagnostika', 'TMD'),
(23, 'Programování', 'Prg'),
(24, 'Mechatronika', 'Mech'),
(25, 'Strojnictví', 'Str'),
(26, 'Praxe pro techniky budov', 'PxB'),
(27, 'Elektrotechnická měření', 'EIM'),
(28, 'Automatizace inteligentních budov', 'AIB'),
(29, 'Technické vybavení budov', 'TVB'),
(30, 'Praktická cvičení pro vývojáře', 'PCP'),
(31, 'Gamedesign a grafika', 'GG'),
(32, 'Software a IT bezpečnost', 'SW'),
(33, 'Síťová infrastrukura', 'SI'),
(34, 'Administrace serverových systémů', 'ASS'),
(35, 'Praktická cvičení pro administrátory', 'PCA'),
(36, 'Databáze a programování', 'DPr'),
(37, 'Správa IT a IT bezpečnost', 'SIKB'),
(38, 'Praxe', 'Px'),
(39, 'Základy metrologie', 'ZMe'),
(40, 'Stavba a provoz strojů', 'SPS'),
(41, 'Design a konstrukce vozidel', 'DKV'),
(42, 'Konstrukce a výroba v letectví', 'KVL'),
(43, 'Ekonomika', 'E'),
(44, 'Části a mechanismy strojů', 'ČMS'),
(45, 'Komunikační sítě', 'KSi'),
(46, 'Operační systémy', 'OSy'),
(47, 'Vývoj aplikací a her', 'VAH'),
(48, 'Praktická cvičení', 'PCv'),
(49, 'Animační a vizualizační systémy', 'ASy'),
(50, 'Počítačové sítě', 'PSi'),
(51, 'Bezpečnost informačních technologií', 'BIT'),
(52, 'Databázové a informační systémy', 'Dat'),
(53, 'Počítačové a optické sítě', 'POS'),
(54, 'CAD/CAM v leteckém průmyslu', 'CAae'),
(55, 'CAD v konstrukci vozidel', 'CAau'),
(56, 'Konstrukce vozidel', 'KV'),
(57, 'Technologie v leteckém průmyslu', 'TLP'),
(58, 'Automatizace', 'Au'),
(59, 'Programování robotických pracovišť', 'CAR'),
(60, 'Cizí jazyk odborný', 'CJO'),
(61, 'Projektování inteligentních budov', 'PIB'),
(62, 'Administrace mobilních zařízení', 'AMZ'),
(63, 'Informační systémy', 'IS'),
(64, 'Části a mechanismy letadel', 'ČML'),
(65, 'IT infrastruktura a datová centra', 'IIDC'),
(66, 'Digitální technika', 'DiT'),
(67, 'Bezpečnost komunikačních technologií', 'BKS'),
(68, 'Komunikace a přenos dat', 'KPD'),
(69, 'Projektování komunikačních sítí', 'PKS');

-- --------------------------------------------------------

--
-- Table structure for table `teacher`
--

CREATE TABLE `teacher` (
  `id` int NOT NULL,
  `firstname` text CHARACTER SET utf8 COLLATE utf8_czech_ci NOT NULL,
  `lastname` text CHARACTER SET utf8 COLLATE utf8_czech_ci NOT NULL,
  `shortname` varchar(10) CHARACTER SET utf8 COLLATE utf8_czech_ci NOT NULL
) ENGINE=InnoDB DEFAULT CHARSET=utf8 COLLATE=utf8_czech_ci;

--
-- Dumping data for table `teacher`
--

INSERT INTO `teacher` (`id`, `firstname`, `lastname`, `shortname`) VALUES
(1, 'Layla', 'Olson', 'LO'),
(2, 'Brielle', 'Hancock', 'BH'),
(3, 'Farrel', 'Maclaughlin', 'FMc'),
(4, 'Anton', 'Montes', 'AM'),
(5, 'Sue', 'Wall', 'SW'),
(6, 'Hal', 'Raymond', 'HR'),
(7, 'Linda', 'Snyder', 'LS'),
(8, 'Michelle', 'Collier', 'MC'),
(9, 'Gabriela', 'Hill', 'GH'),
(10, 'Linda', 'Bradshaw', 'LB'),
(11, 'Christie', 'Castro', 'CrCa'),
(12, 'Marnie', 'Naylor', 'MN'),
(13, 'Daniel', 'Currna', 'DC'),
(14, 'Aida', 'Lugo', 'AL'),
(15, 'Lilly', 'Kirk', 'LK'),
(16, 'Maria', 'Alfaro', 'MA'),
(17, 'Cassie', 'Phillips', 'CP'),
(18, 'Kayla', 'Goff', 'KG'),
(19, 'Kate', 'Lynn', 'KL'),
(20, 'Aled', 'Corbett', 'AC'),
(21, 'Kenya', 'Vincent', 'KV'),
(22, 'Belle', 'Mclellan', 'BMc'),
(23, 'Joel', 'Quinn', 'JQ'),
(24, 'Harriett', 'Burnett', 'HB'),
(25, 'Safwan', 'Cisneros', 'SC'),
(26, 'Livia', 'Alfaro', 'LA'),
(27, 'Tylor', 'Merritt', 'TM'),
(28, 'Rose', 'Talley', 'RT'),
(29, 'Cory', 'Kelly', 'CK'),
(30, 'Bruno', 'Rasmussen', 'BRas'),
(31, 'John', 'Swift', 'JSw'),
(32, 'Taylor', 'Escobar', 'TE'),
(33, 'Jack', 'Olson', 'JO'),
(34, 'John', 'Sears', 'JSe'),
(35, 'Christ', 'Barber', 'CB'),
(36, 'William', 'Morin', 'WM'),
(37, 'Henry', 'Ochoa', 'HO'),
(38, 'Jacob', 'Hopkis', 'JHop'),
(39, 'Joel', 'Portillo', 'JP'),
(40, 'Brett', 'Pope', 'BP'),
(41, 'Jean', 'Dawson', 'JD'),
(42, 'Jean', 'Beil', 'JB'),
(43, 'Bernard', 'Li', 'BLi'),
(44, 'Jonas', 'Howard', 'JHow'),
(45, 'Cael', 'East', 'CE'),
(46, 'Wayne', 'Byers', 'WB'),
(47, 'Todd', 'Slater', 'TSl'),
(48, '', 'Rodilý mluvčí', 'RodM'),
(49, 'Marco', 'Jonston', 'MJ'),
(50, 'Carlos', 'Hodson', 'CH'),
(51, 'Brian', 'Rees', 'BRe'),
(52, 'Michael', 'Maddox', 'MM'),
(53, 'Thomas', 'Searle', 'TSe'),
(54, 'Gianni', 'Plummer', 'GP'),
(55, 'Oliver', 'Levy', 'OL'),
(56, 'Rodney', 'Oliver', 'RO'),
(57, 'Max', 'Zavala', 'MZ'),
(58, 'Corey', 'Compton', 'CorCo');

-- --------------------------------------------------------

--
-- Table structure for table `teacher_subject`
--

CREATE TABLE `teacher_subject` (
  `teacher_id` int NOT NULL,
  `subject_id` int NOT NULL
) ENGINE=InnoDB DEFAULT CHARSET=utf8mb4 COLLATE=utf8mb4_unicode_ci;

--
-- Dumping data for table `teacher_subject`
--

INSERT INTO `teacher_subject` (`teacher_id`, `subject_id`) VALUES
(1, 1),
(2, 2),
(2, 24),
(2, 25),
(2, 28),
(2, 29),
(2, 38),
(2, 44),
(3, 3),
(4, 4),
(4, 60),
(5, 5),
(5, 9),
(5, 15),
(6, 5),
(6, 6),
(7, 5),
(7, 7),
(8, 8),
(8, 23),
(9, 2),
(9, 10),
(9, 38),
(10, 5),
(10, 11),
(10, 43),
(11, 12),
(12, 1),
(12, 13),
(12, 22),
(12, 27),
(12, 29),
(13, 5),
(13, 6),
(14, 7),
(15, 4),
(15, 60),
(16, 4),
(17, 7),
(18, 14),
(18, 17),
(19, 14),
(19, 15),
(19, 18),
(19, 31),
(19, 47),
(19, 48),
(20, 16),
(20, 18),
(20, 23),
(20, 31),
(20, 36),
(20, 46),
(21, 5),
(21, 6),
(22, 3),
(23, 16),
(23, 38),
(24, 4),
(24, 5),
(24, 60),
(25, 7),
(25, 12),
(26, 4),
(26, 60),
(27, 3),
(27, 60),
(28, 3),
(28, 43),
(29, 8),
(29, 19),
(30, 5),
(30, 6),
(31, 9),
(31, 19),
(31, 41),
(31, 42),
(31, 44),
(31, 56),
(31, 64),
(32, 8),
(32, 20),
(32, 40),
(33, 21),
(33, 24),
(33, 26),
(33, 28),
(34, 21),
(34, 22),
(34, 38),
(34, 39),
(35, 5),
(36, 23),
(36, 48),
(36, 49),
(37, 4),
(38, 21),
(38, 26),
(38, 38),
(39, 21),
(39, 28),
(39, 38),
(39, 61),
(40, 22),
(40, 27),
(41, 21),
(41, 38),
(42, 26),
(42, 33),
(42, 45),
(42, 50),
(42, 53),
(42, 65),
(42, 68),
(42, 69),
(43, 30),
(44, 32),
(44, 37),
(44, 51),
(44, 52),
(44, 62),
(44, 63),
(44, 67),
(45, 23),
(45, 34),
(45, 46),
(45, 48),
(45, 65),
(46, 34),
(46, 35),
(46, 38),
(46, 48),
(47, 38),
(47, 54),
(47, 59),
(48, 4),
(49, 22),
(50, 24),
(50, 28),
(50, 66),
(51, 1),
(51, 45),
(51, 58),
(52, 47),
(52, 48),
(53, 54),
(53, 55),
(53, 58),
(54, 57),
(55, 38),
(56, 23),
(57, 24);

-- --------------------------------------------------------

--
-- Table structure for table `user`
--

CREATE TABLE `user` (
  `id` int NOT NULL,
  `username` varchar(255) CHARACTER SET utf8 COLLATE utf8_czech_ci NOT NULL,
  `roles` longtext CHARACTER SET utf8mb4 COLLATE utf8mb4_bin NOT NULL,
  `password` text CHARACTER SET utf8 COLLATE utf8_czech_ci NOT NULL
) ENGINE=InnoDB DEFAULT CHARSET=utf8 COLLATE=utf8_czech_ci;

--
-- Dumping data for table `user`
--

INSERT INTO `user` (`id`, `username`, `roles`, `password`) VALUES
(4, 'admin', '[\"ROLE_ADMIN\"]', '$2y$12$gqpq9cUKBON./DPO5p5nH.2iwLCI46Q3eKfQNZNWpDu7Co2VsOjtK');

--
-- Indexes for dumped tables
--

--
-- Indexes for table `absence`
--
ALTER TABLE `absence`
  ADD PRIMARY KEY (`id`),
  ADD KEY `fkIdx_49` (`teacher_id`);

--
-- Indexes for table `grade`
--
ALTER TABLE `grade`
  ADD PRIMARY KEY (`id`);

--
-- Indexes for table `lesson`
--
ALTER TABLE `lesson`
  ADD PRIMARY KEY (`id`),
  ADD KEY `fkIdx_39` (`teacher_id`),
  ADD KEY `fkIdx_56` (`room_id`),
  ADD KEY `fkIdx_75` (`subject_id`),
  ADD KEY `fkIdx_83` (`grade_id`);

--
-- Indexes for table `migration_versions`
--
ALTER TABLE `migration_versions`
  ADD PRIMARY KEY (`version`);

--
-- Indexes for table `reschedule`
--
ALTER TABLE `reschedule`
  ADD PRIMARY KEY (`id`),
  ADD KEY `fkIdx_104` (`grade_id`),
  ADD KEY `fkIdx_107` (`lesson_id`),
  ADD KEY `fkIdx_110` (`room_id`),
  ADD KEY `fkIdx_113` (`teacher_id`);

--
-- Indexes for table `room`
--
ALTER TABLE `room`
  ADD PRIMARY KEY (`id`);

--
-- Indexes for table `subject`
--
ALTER TABLE `subject`
  ADD PRIMARY KEY (`id`);

--
-- Indexes for table `teacher`
--
ALTER TABLE `teacher`
  ADD PRIMARY KEY (`id`);

--
-- Indexes for table `teacher_subject`
--
ALTER TABLE `teacher_subject`
  ADD PRIMARY KEY (`teacher_id`,`subject_id`),
  ADD KEY `IDX_360CB33B41807E1D` (`teacher_id`),
  ADD KEY `IDX_360CB33B23EDC87` (`subject_id`);

--
-- Indexes for table `user`
--
ALTER TABLE `user`
  ADD PRIMARY KEY (`id`);

--
-- AUTO_INCREMENT for dumped tables
--

--
-- AUTO_INCREMENT for table `absence`
--
ALTER TABLE `absence`
  MODIFY `id` int NOT NULL AUTO_INCREMENT, AUTO_INCREMENT=98;

--
-- AUTO_INCREMENT for table `grade`
--
ALTER TABLE `grade`
  MODIFY `id` int NOT NULL AUTO_INCREMENT, AUTO_INCREMENT=23;

--
-- AUTO_INCREMENT for table `lesson`
--
ALTER TABLE `lesson`
  MODIFY `id` int NOT NULL AUTO_INCREMENT, AUTO_INCREMENT=2089;

--
-- AUTO_INCREMENT for table `reschedule`
--
ALTER TABLE `reschedule`
  MODIFY `id` int NOT NULL AUTO_INCREMENT, AUTO_INCREMENT=470;

--
-- AUTO_INCREMENT for table `room`
--
ALTER TABLE `room`
  MODIFY `id` int NOT NULL AUTO_INCREMENT, AUTO_INCREMENT=44;

--
-- AUTO_INCREMENT for table `subject`
--
ALTER TABLE `subject`
  MODIFY `id` int NOT NULL AUTO_INCREMENT, AUTO_INCREMENT=70;

--
-- AUTO_INCREMENT for table `teacher`
--
ALTER TABLE `teacher`
  MODIFY `id` int NOT NULL AUTO_INCREMENT, AUTO_INCREMENT=59;

--
-- AUTO_INCREMENT for table `user`
--
ALTER TABLE `user`
  MODIFY `id` int NOT NULL AUTO_INCREMENT, AUTO_INCREMENT=5;

--
-- Constraints for dumped tables
--

--
-- Constraints for table `absence`
--
ALTER TABLE `absence`
  ADD CONSTRAINT `FK_49` FOREIGN KEY (`teacher_id`) REFERENCES `teacher` (`id`);

--
-- Constraints for table `lesson`
--
ALTER TABLE `lesson`
  ADD CONSTRAINT `FK_39` FOREIGN KEY (`teacher_id`) REFERENCES `teacher` (`id`),
  ADD CONSTRAINT `FK_56` FOREIGN KEY (`room_id`) REFERENCES `room` (`id`),
  ADD CONSTRAINT `FK_75` FOREIGN KEY (`subject_id`) REFERENCES `subject` (`id`),
  ADD CONSTRAINT `FK_83` FOREIGN KEY (`grade_id`) REFERENCES `grade` (`id`);

--
-- Constraints for table `reschedule`
--
ALTER TABLE `reschedule`
  ADD CONSTRAINT `FK_104` FOREIGN KEY (`grade_id`) REFERENCES `grade` (`id`),
  ADD CONSTRAINT `FK_107` FOREIGN KEY (`lesson_id`) REFERENCES `lesson` (`id`),
  ADD CONSTRAINT `FK_110` FOREIGN KEY (`room_id`) REFERENCES `room` (`id`),
  ADD CONSTRAINT `FK_113` FOREIGN KEY (`teacher_id`) REFERENCES `teacher` (`id`);

--
-- Constraints for table `teacher_subject`
--
ALTER TABLE `teacher_subject`
  ADD CONSTRAINT `FK_360CB33B23EDC87` FOREIGN KEY (`subject_id`) REFERENCES `subject` (`id`) ON DELETE CASCADE,
  ADD CONSTRAINT `FK_360CB33B41807E1D` FOREIGN KEY (`teacher_id`) REFERENCES `teacher` (`id`) ON DELETE CASCADE;
COMMIT;

/*!40101 SET CHARACTER_SET_CLIENT=@OLD_CHARACTER_SET_CLIENT */;
/*!40101 SET CHARACTER_SET_RESULTS=@OLD_CHARACTER_SET_RESULTS */;
/*!40101 SET COLLATION_CONNECTION=@OLD_COLLATION_CONNECTION */;
